ITL1 Region,LA code,LA name,1998,1999,2000,2001,2002,2003,2004,2005,2006,2007,2008,2009,2010,2011,2012,2013,2014,2015,2016,2017,2018,2019
North East,E06000001,Hartlepool,784,832,849,846,895,945,976,1013,1066,1119,1146,1138,1150,1178,1186,1232,1211,1294,1390,1416,1390,1426
North East,E06000004,Stockton-on-Tees,2592,2703,2784,2796,2960,3182,3415,3520,3824,4025,4082,4280,4261,4238,4240,4410,4521,4770,4851,4715,4834,5073
North East,E06000002,Middlesbrough,1479,1539,1585,1586,1651,1760,1898,2037,2172,2230,2296,2354,2307,2344,2410,2410,2482,2586,2707,2786,2962,3032
North East,E06000003,Redcar and Cleveland,1280,1303,1344,1302,1336,1489,1493,1528,1550,1554,1658,1660,1699,1700,1718,1752,1808,1865,1790,1664,1772,1812
North East,E06000005,Darlington,1524,1540,1647,1772,1904,2029,2169,2176,2237,2177,2298,2191,2247,2315,2272,2301,2608,2709,2575,2552,2572,2608
North East,E06000047,County Durham,4660,4895,5027,5110,5424,5802,6230,6517,6934,7239,7497,7636,7661,7521,7791,7971,7956,8066,8089,8313,8695,8972
North East,E06000057,Northumberland,3038,3040,3090,3181,3455,3573,3813,3925,4145,4216,4359,4289,4375,4441,4544,4461,4633,4747,4909,4999,5030,5161
North East,E08000021,Newcastle upon Tyne,4323,4295,4421,4759,5163,5469,6008,6399,6813,6881,6924,6886,7123,7386,7748,7718,7951,8478,8755,9131,9115,9394
North East,E08000022,North Tyneside,2100,2138,2179,2367,2648,2756,2975,3103,3224,3297,3422,3338,3419,3511,3547,3472,3677,3844,4045,4248,4416,4590
North East,E08000023,South Tyneside,1133,1133,1166,1204,1261,1326,1430,1494,1568,1580,1636,1553,1607,1647,1760,1769,1872,1871,1844,1847,1846,1894
North East,E08000037,Gateshead,2622,2638,2709,2826,3031,3172,3411,3630,3821,3891,3902,3743,3869,4084,4049,3890,3951,3996,4111,4093,4081,4316
North East,E08000024,Sunderland,3513,3428,3543,3723,4047,4241,4628,4863,5140,5186,5378,5464,5405,5457,5604,6158,6439,6543,6587,6835,7019,7062
North West,E07000026,Allerdale,1090,1101,1148,1149,1235,1256,1256,1309,1428,1461,1539,1550,1604,1612,1625,1770,1874,1869,1735,1706,1777,1817
North West,E07000027,Barrow-in-Furness,801,757,775,690,766,830,902,865,960,1051,1146,1188,1208,1252,1339,1361,1400,1486,1538,1650,1745,1858
North West,E07000029,Copeland,1132,1276,959,979,981,1061,1034,1244,1327,1253,1419,1343,1396,1376,1360,1358,1510,1572,1493,1414,1486,1504
North West,E07000028,Carlisle,1463,1498,1586,1604,1692,1850,1929,1980,2180,2274,2405,2411,2422,2406,2450,2610,2709,2825,2823,2838,2866,2928
North West,E07000030,Eden,761,771,807,798,876,957,997,1023,1116,1128,1176,1141,1152,1153,1205,1227,1291,1343,1305,1310,1375,1432
North West,E07000031,South Lakeland,1296,1323,1381,1438,1548,1683,1747,1804,1968,2017,2104,2018,2071,2014,2128,2168,2241,2370,2411,2529,2553,2665
North West,E08000003,Manchester,8693,9070,9323,10081,10735,11377,12200,13226,14221,15096,15302,15720,16160,16257,17169,17575,18353,19169,20358,22174,23156,24522
North West,E08000006,Salford,3267,3364,3416,3604,3780,4010,4332,4723,4971,5331,5370,5363,5391,5471,5820,6410,6883,6887,6837,7014,7634,7989
North West,E08000009,Trafford,4416,4620,4816,5134,5412,5626,5751,5989,6340,6595,6739,6675,6727,6758,6996,7371,7432,7962,8290,8710,9276,9399
North West,E08000007,Stockport,3593,3770,3912,4080,4263,4452,4606,4815,5057,5320,5522,5645,5625,5540,5662,5808,5758,5831,6153,6619,6899,6902
North West,E08000008,Tameside,2023,2128,2195,2254,2335,2413,2463,2627,2731,2841,2861,2868,2891,2892,2874,2989,3066,3133,3155,3385,3500,3581
North West,E08000001,Bolton,2935,3032,3036,3210,3306,3451,3625,3848,4045,4223,4229,4321,4374,4385,4589,4815,4904,5089,5218,5469,5786,5852
North West,E08000010,Wigan,2763,2887,2991,3136,3251,3384,3494,3673,3867,4007,3933,3899,3937,3937,4010,4303,4475,4777,4918,5076,5179,5276
North West,E08000002,Bury,1773,1852,1915,2019,2151,2234,2319,2437,2585,2710,2710,2696,2732,2745,2849,2945,2897,3091,3223,3263,3384,3559
North West,E08000004,Oldham,2052,2134,2183,2253,2357,2401,2533,2682,2820,2928,2988,2966,2991,3020,3104,3193,3322,3549,3605,3923,3961,4109
North West,E08000005,Rochdale,1964,2074,2122,2212,2276,2352,2451,2557,2644,2763,2775,2773,2816,2834,3068,3201,3226,3340,3386,3468,3624,3783
North West,E06000008,Blackburn with Darwen,1571,1620,1634,1661,1758,1903,1994,2038,2121,2210,2283,2252,2339,2387,2449,2587,2696,2888,3039,3089,3112,3121
North West,E06000009,Blackpool,1308,1339,1368,1431,1522,1653,1774,1846,1912,1957,1960,1898,1995,2004,2021,2101,2165,2290,2436,2672,2714,2810
North West,E07000121,Lancaster,1497,1531,1477,1495,1617,1813,1949,2111,2280,2371,2387,2145,2116,2145,2327,2471,2527,2677,2673,2678,2723,2816
North West,E07000128,Wyre,851,876,896,919,978,1068,1105,1123,1155,1184,1224,1190,1214,1236,1263,1314,1368,1602,1648,1650,1737,1790
North West,E07000119,Fylde,1754,1909,2031,2154,2172,2397,2631,2779,2754,2898,2844,2582,2534,2540,2569,2379,2219,2427,2667,2801,2529,2811
North West,E07000123,Preston,2212,2304,2361,2462,2647,2858,3019,3102,3239,3398,3355,3393,3516,3534,3654,3622,3780,3966,4346,4278,4382,4489
North West,E07000124,Ribble Valley,1046,1113,1151,1208,1247,1355,1457,1498,1522,1554,1547,1419,1423,1508,1528,1683,1746,1834,1777,1818,1783,1724
North West,E07000126,South Ribble,1898,1932,2002,2022,2148,2316,2403,2439,2456,2646,2721,2573,2620,2684,2795,2956,3215,3437,3608,3646,3664,3780
North West,E07000117,Burnley,969,1010,1028,1051,1085,1165,1217,1259,1321,1380,1395,1358,1435,1469,1557,1589,1704,1686,1798,1929,1998,2017
North West,E07000120,Hyndburn,802,841,821,841,883,919,965,995,1030,1095,1134,1098,1134,1174,1220,1274,1294,1330,1496,1491,1415,1434
North West,E07000122,Pendle,1023,1093,1114,1140,1172,1259,1322,1385,1420,1448,1416,1284,1317,1378,1408,1400,1476,1495,1632,1786,1915,1868
North West,E07000125,Rossendale,630,645,655,656,699,749,772,783,803,836,836,824,849,872,856,905,967,1022,1014,1017,1027,1022
North West,E07000118,Chorley,968,1002,1049,1100,1186,1263,1313,1334,1371,1441,1488,1455,1518,1522,1591,1636,1713,1807,1911,1909,1980,2130
North West,E07000127,West Lancashire,1287,1317,1333,1364,1453,1549,1630,1634,1676,1760,1812,1827,1876,1915,1957,1995,2111,2208,2361,2431,2507,2583
North West,E06000007,Warrington,3643,3723,3906,4275,4440,4600,4724,5014,5297,5573,5534,5315,5451,5543,5708,6043,6377,6757,6961,7577,7512,7757
North West,E06000049,Cheshire East,5885,6149,6382,7476,7739,7437,8250,8769,9489,9679,9599,9429,9897,10272,10821,11080,11842,12359,13345,13346,13843,14736
North West,E06000050,Cheshire West and Chester,5064,5429,5453,5934,5964,6345,6524,6800,7405,7878,7867,8156,8483,8470,8540,8870,9289,9209,9784,10218,10581,10487
North West,E06000006,Halton,2178,2286,2379,2433,2532,2787,2805,2957,3209,3114,3327,3404,3473,3510,3385,3583,3750,3894,3833,4062,4178,4234
North West,E08000011,Knowsley,1735,1753,1753,1856,1934,2061,2121,2109,2261,2341,2433,2413,2551,2628,2625,2876,3030,3228,3469,3633,3560,3724
North West,E08000013,St. Helens,1622,1768,1831,1925,2034,2125,2203,2272,2441,2494,2504,2494,2563,2537,2455,2507,2611,2686,2703,2732,2728,2767
North West,E08000012,Liverpool,5862,6161,6447,6855,7282,8115,8605,9151,9998,10051,10602,11137,11104,11162,11060,11236,11832,12083,12409,12584,12850,13538
North West,E08000014,Sefton,2236,2392,2456,2610,2801,2966,3106,3195,3415,3451,3564,3625,3643,3557,3519,3540,3695,3829,3984,4079,4135,4206
North West,E08000015,Wirral,2632,2835,2901,3071,3259,3487,3695,3744,4005,4044,4160,4221,4231,4242,4303,4361,4563,4885,4847,5042,4973,5129
Yorkshire and The Humber,E06000010,"Kingston upon Hull, City of",3030,3099,3276,3437,3699,3974,4049,4241,4706,4911,5404,5467,5224,5009,5111,5122,5132,5393,5610,5803,5985,6179
Yorkshire and The Humber,E06000011,East Riding of Yorkshire,3813,3784,3938,4136,4465,4762,5111,5218,5548,5582,5647,5478,5352,5347,5522,5622,5954,6233,6242,6568,6889,7176
Yorkshire and The Humber,E06000012,North East Lincolnshire,1756,1802,1864,1959,2038,2146,2206,2303,2447,2597,2653,2652,2594,2678,2691,2777,2944,3059,3044,3094,3113,3223
Yorkshire and The Humber,E06000013,North Lincolnshire,2307,2270,2396,2467,2568,2917,3047,3180,3174,3556,3826,3460,3656,3330,3315,3455,3531,4059,4151,4400,4426,4424
Yorkshire and The Humber,E06000014,York,3158,3260,3417,3675,4079,4376,4606,4772,4837,5084,5058,4922,5029,5164,5342,5415,5530,5548,5711,5945,6144,6300
Yorkshire and The Humber,E07000163,Craven,651,664,691,734,811,853,886,912,972,1052,1074,1057,1077,1110,1093,1144,1213,1262,1323,1429,1478,1563
Yorkshire and The Humber,E07000164,Hambleton,1266,1282,1329,1403,1535,1620,1703,1753,1794,1870,1932,1849,1864,1941,1953,2071,2137,2170,2204,2304,2305,2408
Yorkshire and The Humber,E07000165,Harrogate,1991,2071,2185,2310,2577,2719,2802,2857,2976,3219,3258,3133,3181,3330,3337,3549,3608,3740,3959,4283,4281,4463
Yorkshire and The Humber,E07000166,Richmondshire,427,442,460,476,525,556,586,593,618,650,671,647,651,675,699,724,744,762,785,834,839,872
Yorkshire and The Humber,E07000167,Ryedale,578,605,633,659,721,787,797,811,841,871,889,837,842,913,985,1050,1150,1158,1232,1304,1284,1361
Yorkshire and The Humber,E07000168,Scarborough,1092,1093,1157,1211,1306,1383,1483,1538,1586,1655,1710,1703,1675,1738,1759,1757,1812,1844,1887,2005,2043,2106
Yorkshire and The Humber,E07000169,Selby,1332,1317,1368,1386,1494,1553,1537,1587,1873,1953,1963,2047,1901,1863,1965,2013,1993,2003,1995,2154,2153,2285
Yorkshire and The Humber,E08000016,Barnsley,2032,2023,2095,2200,2312,2463,2619,2706,2851,3057,3000,2928,2992,3056,3201,3317,3442,3522,3589,3710,3832,4006
Yorkshire and The Humber,E08000017,Doncaster,2730,2757,2851,2998,3178,3380,3608,3707,3971,4237,4263,4117,4226,4227,4346,4428,4701,5097,5239,5688,5749,5876
Yorkshire and The Humber,E08000018,Rotherham,2485,2492,2595,2721,2903,3071,3176,3310,3455,3704,3699,3605,3740,3821,4100,4128,4216,4409,4525,4674,4743,4878
Yorkshire and The Humber,E08000019,Sheffield,6438,6462,6756,7316,7858,8429,8915,9331,9855,10563,10369,10441,10602,10916,11105,11476,11732,12048,12170,12378,12509,13021
Yorkshire and The Humber,E08000032,Bradford,5326,5608,5666,5833,6069,6414,6724,7094,7400,7738,8001,8002,7971,8238,8342,8545,8573,8993,9192,9562,9751,9966
Yorkshire and The Humber,E08000035,Leeds,12149,12880,13256,13749,14431,15708,16783,18045,19078,20386,20113,20094,20284,20659,21444,21991,22640,23668,23919,24575,26232,27371
Yorkshire and The Humber,E08000033,Calderdale,2240,2325,2346,2442,2511,2716,2872,3171,3306,3524,3370,3322,3376,3463,3438,3576,4068,4376,4361,4496,4755,4739
Yorkshire and The Humber,E08000034,Kirklees,4067,4252,4323,4437,4546,4792,4956,5216,5423,5677,5778,5721,5742,5846,5890,6068,6340,6715,6853,7219,7557,7753
Yorkshire and The Humber,E08000036,Wakefield,4127,4335,4458,4621,4779,5024,5181,5410,5648,5808,5920,5918,5773,5850,6073,6329,6319,6686,7071,7271,7707,8080
East Midlands,E06000015,Derby,3873,4098,4280,4466,4720,4887,5265,5730,5958,6102,5991,6001,6117,6473,6481,6735,6600,6718,6729,6829,7173,7429
East Midlands,E07000033,Bolsover,1051,1058,1066,1105,1115,1120,1155,1232,1275,1319,1391,1377,1416,1425,1470,1474,1493,1649,1753,1879,1998,2070
East Midlands,E07000034,Chesterfield,1190,1217,1255,1328,1399,1437,1524,1636,1692,1762,1794,1757,1858,1867,1961,1991,2093,2208,2257,2335,2385,2453
East Midlands,E07000038,North East Derbyshire,732,765,774,790,820,858,881,945,967,989,1029,991,1028,1081,1100,1153,1271,1371,1362,1356,1433,1479
East Midlands,E07000032,Amber Valley,1559,1583,1564,1594,1665,1712,1785,1906,1982,2048,2113,2015,2109,2156,2206,2314,2433,2484,2540,2571,2654,2761
East Midlands,E07000035,Derbyshire Dales,900,935,945,990,1018,1057,1116,1180,1210,1245,1285,1239,1307,1348,1434,1405,1389,1403,1470,1497,1599,1618
East Midlands,E07000036,Erewash,867,893,902,946,985,1013,1060,1138,1195,1225,1258,1202,1274,1354,1385,1447,1478,1532,1615,1641,1694,1766
East Midlands,E07000037,High Peak,934,953,963,993,1025,1074,1113,1169,1183,1190,1221,1145,1170,1238,1299,1269,1326,1390,1424,1478,1514,1486
East Midlands,E07000039,South Derbyshire,1321,1344,1332,1328,1408,1507,1571,1709,1693,1689,1774,1673,1909,1983,2061,2439,2530,2440,2659,2632,2757,2876
East Midlands,E06000018,Nottingham,4419,4609,4661,4939,5228,5595,6121,6495,6909,7233,7463,7419,7713,8016,8376,8622,9134,9288,9573,10029,10108,10557
East Midlands,E07000170,Ashfield,1757,1748,1764,1793,1868,1871,1968,2069,2176,2259,2304,2270,2339,2344,2369,2479,2583,2592,2670,2678,2763,2835
East Midlands,E07000171,Bassetlaw,1230,1301,1333,1357,1426,1482,1557,1613,1681,1727,1760,1751,1816,1854,1912,1944,1988,2001,2091,2114,2214,2309
East Midlands,E07000174,Mansfield,847,883,887,918,960,1010,1076,1150,1203,1252,1274,1227,1262,1309,1326,1321,1387,1445,1482,1510,1622,1729
East Midlands,E07000175,Newark and Sherwood,1274,1348,1393,1403,1467,1545,1588,1658,1748,1795,1843,1829,1876,1989,2065,2081,2097,2201,2291,2415,2466,2564
East Midlands,E07000172,Broxtowe,1243,1284,1267,1261,1334,1384,1434,1549,1625,1664,1674,1711,1761,1822,1913,1991,1943,2047,2114,2139,2163,2120
East Midlands,E07000173,Gedling,854,875,879,919,954,973,1008,1063,1115,1157,1193,1162,1188,1214,1317,1335,1353,1420,1472,1495,1505,1574
East Midlands,E07000176,Rushcliffe,1245,1303,1334,1424,1444,1473,1569,1652,1732,1822,1936,1882,1933,1915,1963,2100,2163,2178,2233,2347,2694,2888
East Midlands,E06000016,Leicester,3756,3866,4058,4145,4263,4548,4852,5093,5476,5769,5964,5966,6216,6311,6605,7011,7454,7820,8193,8146,8577,9088
East Midlands,E06000017,Rutland,456,471,506,520,536,559,578,599,635,649,684,656,689,670,688,654,671,696,730,725,742,754
East Midlands,E07000129,Blaby,1492,1473,1579,1600,1688,1841,2082,2217,2393,2609,2761,2915,2887,2753,3040,3168,3349,3461,3363,3578,3715,3696
East Midlands,E07000130,Charnwood,1896,1962,2092,2295,2397,2523,2639,2752,2895,2903,3089,2983,3048,2993,3035,2892,3011,3162,3401,3527,3558,3640
East Midlands,E07000131,Harborough,1081,1141,1186,1180,1239,1343,1396,1462,1572,1658,1691,1610,1703,1689,1785,1634,1786,1903,1927,2035,2101,2188
East Midlands,E07000132,Hinckley and Bosworth,1153,1170,1252,1284,1328,1399,1435,1473,1623,1699,1809,1689,1779,1791,1840,2006,2112,2150,2154,2327,2365,2417
East Midlands,E07000133,Melton,633,639,659,669,712,733,747,749,820,858,884,899,935,921,959,971,973,1100,1124,1136,1174,1205
East Midlands,E07000134,North West Leicestershire,1628,1653,1737,1758,1841,1994,2029,2129,2309,2429,2503,2416,2566,2531,2687,2903,3008,3112,3275,3347,3655,3795
East Midlands,E07000135,Oadby and Wigston,527,540,561,576,590,625,650,661,703,728,760,751,774,760,783,796,769,766,789,784,815,843
East Midlands,E06000062,West Northamptonshire,5502,5572,5975,6169,6361,6674,6963,7350,8081,8606,8789,8584,8912,9050,9036,9766,10275,10556,10924,11451,12082,12452
East Midlands,E06000061,North Northamptonshire,3614,3700,3872,3932,3993,4260,4400,4544,4817,5073,5262,5095,5327,5270,5567,5848,6141,6340,6526,6696,7199,7401
East Midlands,E07000136,Boston,708,714,761,820,862,913,890,910,963,1011,1049,1032,1055,1097,1128,1216,1284,1302,1344,1417,1436,1471
East Midlands,E07000137,East Lindsey,1199,1218,1272,1352,1435,1499,1493,1498,1620,1643,1736,1683,1731,1814,1863,1975,1994,2033,2063,2175,2138,2236
East Midlands,E07000138,Lincoln,1315,1351,1376,1477,1586,1718,1713,1806,2003,2130,2274,2279,2284,2292,2305,2424,2462,2605,2594,2671,2790,2853
East Midlands,E07000139,North Kesteven,1276,1296,1334,1414,1503,1574,1522,1511,1642,1715,1805,1741,1756,1805,1865,1935,2026,2029,1991,2213,2306,2413
East Midlands,E07000140,South Holland,1084,1101,1151,1237,1271,1331,1277,1271,1357,1426,1460,1454,1477,1505,1620,1708,1763,1779,1873,2053,2159,2150
East Midlands,E07000141,South Kesteven,1466,1487,1544,1678,1773,1906,1891,1953,2082,2212,2317,2256,2306,2299,2424,2484,2601,2592,2609,2774,2764,2814
East Midlands,E07000142,West Lindsey,741,743,818,844,894,941,933,932,999,1033,1105,1057,1079,1093,1168,1290,1333,1357,1331,1399,1462,1599
West Midlands,E06000019,"Herefordshire, County of",2160,2276,2379,2393,2528,2608,2583,2595,2717,2761,2914,2818,2840,2990,3103,3217,3443,3517,3554,3670,3812,4002
West Midlands,E07000234,Bromsgrove,1247,1274,1346,1367,1364,1494,1643,1790,1885,1783,1902,1974,1995,2130,2337,2427,2446,2348,2482,2778,2926,2883
West Midlands,E07000235,Malvern Hills,808,863,896,943,1043,1072,1108,1099,1147,1176,1228,1195,1265,1331,1337,1312,1418,1416,1422,1494,1607,1706
West Midlands,E07000236,Redditch,1001,1037,1076,1080,1093,1150,1224,1243,1324,1330,1388,1350,1401,1473,1571,1731,1912,2081,2112,2235,2213,2219
West Midlands,E07000237,Worcester,1478,1543,1615,1630,1672,1794,1905,1948,2091,2114,2184,2152,2214,2313,2646,2751,2837,2982,2739,2871,3004,3103
West Midlands,E07000238,Wychavon,1372,1451,1526,1567,1574,1677,1757,1781,1906,1940,2034,1939,1973,2109,2188,2213,2351,2494,2548,2718,2879,3042
West Midlands,E07000239,Wyre Forest,855,891,918,930,953,1011,1050,1084,1147,1170,1201,1159,1167,1209,1251,1268,1341,1326,1372,1409,1469,1531
West Midlands,E07000218,North Warwickshire,1295,1394,1441,1429,1461,1535,1570,1638,1743,1738,1769,1744,1821,1905,2082,2218,2280,2402,2346,2666,2870,2986
West Midlands,E07000219,Nuneaton and Bedworth,951,1004,1041,1064,1084,1134,1198,1242,1315,1334,1383,1331,1350,1425,1528,1688,1873,1919,1873,2006,2124,2211
West Midlands,E07000220,Rugby,1427,1555,1612,1651,1715,1809,1943,1984,2119,2160,2232,2082,2181,2277,2354,2360,2541,2629,2819,2976,2965,2960
West Midlands,E07000221,Stratford-on-Avon,1911,2083,2231,2256,2337,2365,2400,2687,2880,2938,3080,2878,3069,3236,3533,3895,4028,4209,4434,5001,5177,5188
West Midlands,E07000222,Warwick,2484,2649,2717,2758,2922,3253,3376,3499,3735,3781,3926,3939,4041,4201,4260,4792,5145,5620,5750,6375,6387,6478
West Midlands,E06000020,Telford and Wrekin,2306,2353,2381,2508,2609,2749,2885,2978,3057,3154,3259,3142,3212,3325,3441,3570,3700,3735,4133,4283,4483,4637
West Midlands,E06000051,Shropshire,3359,3404,3495,3639,3890,4096,4282,4426,4605,4689,4974,4780,4855,4998,5097,5275,5523,5625,5772,5896,6122,6212
West Midlands,E06000021,Stoke-on-Trent,2812,2821,2882,2951,3106,3277,3504,3676,3868,3971,4217,4164,4232,4387,4522,4741,4813,4924,5004,5524,5938,6072
West Midlands,E07000192,Cannock Chase,1127,1140,1179,1240,1314,1365,1405,1488,1529,1565,1606,1508,1536,1579,1601,1629,1724,1818,1840,2027,2167,2156
West Midlands,E07000193,East Staffordshire,2187,2208,2266,2287,2450,2577,2796,2916,2989,2975,3088,2837,3050,3206,3266,3333,3380,3693,3694,3412,3450,3707
West Midlands,E07000194,Lichfield,1179,1213,1234,1287,1382,1467,1542,1585,1654,1679,1780,1713,1758,1775,1840,1895,2000,2195,2313,2399,2290,2370
West Midlands,E07000195,Newcastle-under-Lyme,1175,1197,1208,1257,1330,1400,1496,1575,1612,1648,1738,1680,1725,1787,1789,1847,1909,2018,2073,2086,2167,2217
West Midlands,E07000196,South Staffordshire,969,985,1007,1037,1112,1148,1185,1206,1251,1263,1319,1259,1314,1355,1353,1397,1402,1500,1592,1736,1828,1943
West Midlands,E07000197,Stafford,1642,1635,1690,1764,1864,1968,2021,2078,2190,2253,2388,2343,2437,2496,2562,2661,2771,2769,2973,3068,3173,3181
West Midlands,E07000198,Staffordshire Moorlands,892,904,891,904,962,1027,1083,1116,1171,1201,1243,1157,1211,1257,1269,1417,1439,1369,1341,1447,1538,1630
West Midlands,E07000199,Tamworth,793,813,830,876,917,963,1018,1062,1092,1122,1157,1096,1126,1153,1104,1114,1158,1304,1391,1538,1671,1690
West Midlands,E08000025,Birmingham,13566,13900,14251,15030,15711,16643,17442,18469,18953,19986,20273,20119,20626,20832,21154,22460,23646,24310,25724,25948,27078,27798
West Midlands,E08000029,Solihull,4243,4304,4536,4753,4843,5021,5113,5315,5470,5647,5638,5297,5780,5957,6096,6364,6737,7561,8631,9141,9998,10340
West Midlands,E08000026,Coventry,4740,4822,4916,5136,5275,5554,5799,6133,6177,6495,6642,6573,6909,7145,7630,7908,8444,9224,9847,9926,9847,9909
West Midlands,E08000027,Dudley,3364,3474,3523,3687,3844,3899,4040,4180,4324,4483,4508,4270,4407,4506,4573,4728,4788,4821,5001,5247,5402,5506
West Midlands,E08000028,Sandwell,3753,3795,3816,3881,4048,4229,4320,4472,4698,4716,4789,4724,4780,4723,4757,4964,5521,5775,6123,6346,6739,6738
West Midlands,E08000030,Walsall,2637,2699,2730,2794,2881,3026,3154,3291,3354,3450,3519,3346,3479,3709,3781,4080,4420,4510,4707,4843,4772,4825
West Midlands,E08000031,Wolverhampton,3267,3399,3487,3659,3820,3956,4089,4302,4476,4573,4603,4471,4589,4762,4881,4905,4690,4304,4560,4854,5086,5214
East of England,E06000031,Peterborough,3025,3109,3181,3352,3470,3663,3891,4322,4654,4925,4870,4539,4678,4834,5062,4836,5240,5198,5572,5977,6902,6692
East of England,E07000008,Cambridge,2372,2519,2649,2830,2970,3136,3307,3566,3920,4092,4264,4394,4485,4604,5086,5333,5463,5811,5664,5942,6014,6378
East of England,E07000009,East Cambridgeshire,1005,1023,1061,1108,1216,1246,1230,1230,1299,1322,1412,1417,1446,1510,1529,1594,1679,1752,1799,1881,1928,2021
East of England,E07000010,Fenland,964,992,1057,1105,1184,1232,1250,1270,1331,1363,1411,1429,1478,1528,1587,1671,1736,1727,1768,1841,1833,1850
East of England,E07000011,Huntingdonshire,2145,2259,2376,2479,2603,2726,2796,2918,3152,3255,3366,3349,3497,3546,3599,3674,3873,3983,4273,4413,4465,4783
East of England,E07000012,South Cambridgeshire,2324,2436,2544,2661,2843,2958,3094,3198,3452,3605,3737,3675,3863,3924,4018,4041,4166,4442,4831,5192,5385,5282
East of England,E07000200,Babergh,992,1035,1089,1140,1192,1233,1252,1277,1358,1389,1417,1397,1470,1492,1517,1598,1644,1656,1687,1774,1734,1810
East of England,E07000202,Ipswich,2116,2167,2213,2314,2372,2581,2782,3183,3410,3605,3477,3335,3237,3258,3306,3693,3979,3971,4266,4280,4291,4261
East of England,E07000203,Mid Suffolk,1047,1089,1162,1191,1268,1313,1336,1351,1423,1463,1543,1523,1555,1600,1655,1702,1766,1834,1919,2054,2114,2217
East of England,E07000244,East Suffolk,2739,2845,2980,3062,3244,3432,3482,3699,3951,4087,4128,4066,4138,4228,4405,4577,4678,4671,4748,4959,5101,5417
East of England,E07000245,West Suffolk,2590,2692,2856,2994,3129,3239,3334,3494,3772,3882,4060,4046,4139,4249,4450,4641,4730,4923,5307,5393,5413,5631
East of England,E07000144,Broadland,1259,1271,1346,1419,1520,1608,1645,1686,1885,1941,2126,2280,2262,2205,2261,2361,2380,2501,2700,3111,2872,3463
East of England,E07000145,Great Yarmouth,986,1013,1063,1112,1167,1237,1305,1336,1465,1501,1595,1598,1621,1661,1831,1897,1933,1880,1695,1687,1698,1793
East of England,E07000148,Norwich,1821,1916,2054,2169,2259,2386,2509,2718,2952,3040,3062,3082,3131,3217,3356,3641,3765,3798,3882,4084,4027,4224
East of England,E07000146,King's Lynn and West Norfolk,1617,1665,1742,1791,1879,1987,2013,2082,2188,2242,2346,2379,2404,2471,2631,2762,2839,2842,2953,2954,2979,3085
East of England,E07000147,North Norfolk,879,904,955,998,1060,1104,1123,1157,1219,1253,1319,1291,1307,1336,1373,1388,1445,1485,1530,1580,1585,1617
East of England,E07000143,Breckland,1157,1212,1293,1374,1450,1503,1537,1589,1740,1775,1859,1893,1912,1981,1987,2078,2205,2256,2344,2402,2389,2471
East of England,E07000149,South Norfolk,1326,1411,1516,1569,1660,1770,1834,1909,2052,2095,2129,2112,2173,2226,2330,2392,2498,2493,2573,2657,2672,2809
East of England,E06000032,Luton,3059,3163,3393,3544,3682,3852,3877,4046,4264,4446,4671,4434,4474,4446,4400,4829,5277,5507,5664,5974,6104,6310
East of England,E07000095,Broxbourne,1362,1469,1544,1601,1643,1747,1749,1891,2008,2127,2363,2272,2180,2156,2226,2345,2461,2400,2198,2270,2402,2379
East of England,E07000096,Dacorum,2134,2243,2377,2475,2603,2730,2824,2982,3078,3228,3371,3240,3234,3331,3346,3392,3610,3759,3899,4323,4436,4548
East of England,E07000098,Hertsmere,1755,1823,1874,1974,2002,2144,2239,2462,2438,2641,2775,2760,2670,2697,2893,3150,3371,3523,3873,4159,4290,4287
East of England,E07000099,North Hertfordshire,1670,1758,1899,1955,2021,2153,2183,2338,2370,2435,2531,2472,2524,2569,2684,2912,3136,3131,3252,3396,3546,3731
East of England,E07000102,Three Rivers,1762,1854,1913,2027,2091,2274,2349,2399,2395,2532,2606,2533,2576,2700,2572,2937,3356,3521,3828,4395,4380,4470
East of England,E07000103,Watford,1880,1972,2088,2201,2313,2468,2626,2768,2902,3086,3174,3132,3070,3151,3345,3723,4070,4464,4770,5247,5316,5405
East of England,E07000240,St Albans,1944,2022,2182,2245,2361,2431,2565,2729,2792,2929,3037,2883,2948,2968,3038,3157,3352,3900,4079,4238,4317,4559
East of England,E07000241,Welwyn Hatfield,2270,2465,2566,2691,2826,2975,3092,3363,3426,3522,3621,3412,3315,3080,3110,3421,3676,3783,3864,4253,4617,5149
East of England,E07000242,East Hertfordshire,1995,2216,2352,2447,2517,2644,2681,2964,3240,3433,3893,3715,3471,3326,3113,3139,3342,3387,3910,4021,3968,4284
East of England,E07000243,Stevenage,1541,1665,1745,1788,1853,1988,2117,2315,2377,2435,2505,2346,2297,2264,2346,2492,2553,2547,2529,2705,2686,2759
East of England,E06000055,Bedford,2092,2198,2291,2381,2499,2620,2697,2900,3014,3106,3265,3168,3135,3118,3259,3303,3551,3724,3823,4041,4128,4360
East of England,E06000056,Central Bedfordshire,2994,3108,3293,3381,3558,3677,3709,3903,3992,4131,4315,4152,4239,4302,4483,4761,5043,5204,5498,5989,6155,6206
East of England,E06000033,Southend-on-Sea,1503,1552,1622,1741,1826,1990,2084,2146,2288,2366,2450,2474,2497,2510,2592,2621,2725,2799,2880,3063,3074,3162
East of England,E06000034,Thurrock,2206,2165,2152,2263,2281,2611,2695,2812,2904,2983,3050,3014,3117,2937,3101,3047,3287,3508,3635,4125,4287,4404
East of England,E07000067,Braintree,1600,1592,1686,1780,1821,2016,2059,2123,2216,2282,2334,2275,2338,2304,2339,2414,2677,2902,3391,3734,3670,3543
East of England,E07000071,Colchester,1843,1867,1995,2162,2247,2451,2498,2609,2724,2853,2943,2945,3075,3169,3353,3435,3541,3738,3884,4076,4215,4428
East of England,E07000076,Tendring,1007,1025,1064,1123,1163,1272,1302,1331,1397,1442,1506,1447,1473,1480,1519,1542,1569,1662,1752,1897,1889,1967
East of England,E07000072,Epping Forest,1710,1788,1861,2022,2170,2351,2386,2436,2632,2758,2796,2822,2920,2948,2925,2883,2932,3284,3697,3935,4054,4083
East of England,E07000073,Harlow,1495,1513,1564,1631,1717,1909,1993,2066,2157,2212,2219,1986,2073,1933,1829,1888,1941,2021,2112,2292,2332,2299
East of England,E07000077,Uttlesford,1053,1112,1185,1243,1292,1400,1412,1456,1519,1549,1619,1588,1672,1691,1778,1887,1955,2038,2105,2178,2228,2321
East of England,E07000068,Brentwood,1259,1262,1354,1486,1538,1673,1680,1772,1847,1986,2005,1973,1995,2006,1988,2095,2537,2918,2947,3120,3255,3482
East of England,E07000070,Chelmsford,2618,2609,2735,2951,3037,3341,3420,3543,3648,3821,3849,3892,3924,3978,4226,4240,4477,4414,4428,4678,4911,5122
East of England,E07000074,Maldon,608,616,655,687,708,764,769,771,806,811,853,814,855,860,873,899,947,972,998,1081,1113,1150
East of England,E07000066,Basildon,2941,2941,3179,3346,3440,3740,3735,3884,4057,4176,4412,4141,4414,4410,4568,4912,5175,5015,5257,5523,5747,5920
East of England,E07000069,Castle Point,544,556,584,623,644,701,701,724,746,779,809,786,805,806,812,830,879,912,933,988,996,1044
East of England,E07000075,Rochford,652,659,688,718,724,782,784,817,857,873,903,881,887,891,937,991,1037,1100,1170,1195,1217,1295
London,E09000001,City of London,20961,20387,22772,23199,24746,27594,30503,35334,38832,44970,44232,45956,48265,50223,50270,53216,55857,56622,62826,62643,66968,69241
London,E09000007,Camden,10246,10934,11902,12431,12747,13561,14553,15656,16240,17765,18496,18322,18903,19628,20645,22592,24741,28204,31997,32974,34547,35466
London,E09000033,Westminster,25942,27329,29601,30949,32024,33525,34938,38207,39787,43707,45658,44747,46409,47864,50465,52985,57337,57299,61006,64654,68801,72396
London,E09000013,Hammersmith and Fulham,3600,3911,4206,4450,4633,4909,5151,5438,5497,6005,6457,6306,6476,6799,7738,7974,8897,9539,9655,10462,10880,11741
London,E09000020,Kensington and Chelsea,3783,4049,4343,4563,4704,4845,5145,5450,5710,6338,6794,6348,6504,6908,8138,9174,9750,9876,9837,9815,10524,10165
London,E09000032,Wandsworth,3139,3430,3666,3914,4096,4245,4419,4751,4970,5401,5588,5396,5482,5714,6208,6563,7058,7578,7751,7630,7744,7929
London,E09000012,Hackney,2602,2786,3013,3178,3289,3494,3656,3960,4132,4468,4665,4631,4825,5144,5282,5376,6029,6481,6978,7376,8076,8860
London,E09000025,Newham,2757,2874,3081,3229,3349,3514,3615,3862,3997,4241,4511,4414,4599,4762,5306,5372,5571,5901,6112,6477,6624,6882
London,E09000030,Tower Hamlets,10689,10643,11842,12162,12956,14150,15595,17753,19367,22236,23129,24024,24654,27019,26836,28382,29704,30497,32309,33638,33619,34491
London,E09000014,Haringey,1885,2021,2135,2276,2355,2442,2566,2743,2798,3025,3080,2992,3140,3246,3477,3500,3845,4112,4010,4133,4193,4436
London,E09000019,Islington,7369,7730,8592,8807,9117,9641,10227,10954,11476,12677,13382,13299,13779,14484,14678,15733,16747,17435,17848,17955,18843,19649
London,E09000023,Lewisham,1767,1865,1992,2165,2253,2418,2544,2759,2909,3131,3243,3102,3198,3348,3448,3454,3696,3862,3813,3847,3805,4009
London,E09000028,Southwark,6764,7199,7942,8272,8485,8903,9395,10219,10657,11742,12329,12401,13145,14442,15428,15919,16097,17183,18118,18799,20218,21587
London,E09000022,Lambeth,4732,5056,5522,5900,6049,6380,6703,7306,7575,8568,9105,9006,9665,10110,10407,10061,11359,11634,12426,12867,12787,13137
London,E09000004,Bexley,2960,3117,3248,3378,3504,3698,3790,4028,4238,4466,4554,4336,4426,4445,5008,5618,5705,5937,6394,6125,6189,6641
London,E09000011,Greenwich,2588,2750,2858,2936,3089,3275,3441,3673,3920,4077,4259,3998,4256,4363,4433,4500,4693,4905,5113,5338,5497,5934
London,E09000002,Barking and Dagenham,2360,2317,2297,2283,2270,2345,2453,2478,2755,2893,2999,2852,3134,3150,3243,3530,3572,3563,3421,3325,3504,3582
London,E09000016,Havering,2885,3029,3149,3276,3392,3622,3752,3995,4195,4460,4437,4108,4230,4221,4605,4711,4991,5116,5407,5500,5761,6007
London,E09000026,Redbridge,2526,2677,2799,2898,3050,3241,3418,3596,3837,4006,4034,3757,3819,3858,4191,4296,4427,4733,4909,4970,5076,5164
London,E09000031,Waltham Forest,2018,2131,2218,2331,2456,2607,2735,2902,3104,3275,3253,2997,3084,3157,3449,3553,3791,4052,4133,4154,4234,4535
London,E09000010,Enfield,3785,4012,4191,4371,4546,4859,5040,5271,5608,5943,6108,5624,5839,5940,6188,6401,6714,7017,7278,7242,7591,8159
London,E09000006,Bromley,4252,4511,4636,4800,5067,5397,5638,5920,6360,6639,6677,6275,6372,6396,6805,6853,7073,7096,7625,7607,8055,8203
London,E09000008,Croydon,5052,5241,5479,5685,5871,6315,6621,7081,7330,7921,7828,7438,7353,7278,7383,7605,8256,8414,8305,8557,9018,9737
London,E09000021,Kingston upon Thames,2589,2759,2911,2993,3092,3263,3442,3597,3806,4059,4137,3901,3906,3930,4157,4137,4450,4538,5037,5049,5120,5318
London,E09000024,Merton,3098,3306,3449,3534,3571,3707,3824,4027,4217,4459,4500,4167,4272,4332,4696,5053,5369,5513,5639,5550,5585,5888
London,E09000029,Sutton,2404,2544,2704,2784,2867,3021,3134,3318,3496,3714,3754,3504,3561,3552,3781,3829,3980,3990,4223,4281,4189,4363
London,E09000003,Barnet,4263,4563,4753,4927,5139,5426,5627,5904,6301,6624,6641,6356,6440,6597,7151,7438,8003,8186,8566,8465,8761,9302
London,E09000005,Brent,4052,4384,4623,4775,4964,5119,5220,5530,5912,6165,6261,6054,6173,6291,6645,7026,7611,8297,8583,8574,8590,9098
London,E09000009,Ealing,4847,5174,5411,5614,5793,6056,6225,6473,6840,7207,7303,6862,6977,7185,7587,8042,8653,9202,9595,9284,9407,9561
London,E09000015,Harrow,2700,2859,2956,3058,3209,3428,3562,3707,3894,4152,4190,3915,4025,4100,4156,4314,4713,4977,5151,5188,5159,5499
London,E09000017,Hillingdon,8246,8700,9136,9135,9303,9773,10025,10385,10907,11264,11432,10427,10727,11074,11310,11960,13228,13521,13193,13913,14582,15419
London,E09000018,Hounslow,6199,6660,7232,7523,7738,7917,8042,8551,9744,10502,11192,10904,11288,11547,12875,13763,14920,15652,16658,16834,16946,17858
London,E09000027,Richmond upon Thames,3243,3445,3654,3764,3848,4036,4211,4434,4681,5026,5039,4773,4757,4900,5444,5710,5932,6291,6665,7005,7502,7914
South East,E06000036,Bracknell Forest,2658,2816,2929,3050,3241,3476,3446,3585,3757,3968,4137,4060,4207,4374,4511,4646,4678,5140,4934,5142,5272,5312
South East,E06000037,West Berkshire,3700,3991,4237,4247,4439,4628,4767,5093,5356,5546,5778,5703,5778,6017,6561,6650,6698,7244,7272,7251,7650,8212
South East,E06000038,Reading,3740,4043,4403,4413,4522,4887,5163,5564,5765,6064,6373,6470,6441,6718,6842,7040,7509,7533,7852,7932,8720,8973
South East,E06000039,Slough,4661,5040,5470,5531,5771,6104,6279,6538,6851,7048,7282,7265,7313,7698,7407,7656,7968,7817,8102,7948,8162,8310
South East,E06000040,Windsor and Maidenhead,3353,3569,3730,3838,3999,4316,4324,4584,4721,4958,5179,5138,5256,5490,5786,6249,6312,6589,6983,7730,7886,7749
South East,E06000041,Wokingham,2903,3120,3187,3259,3478,3799,3947,4188,4529,4858,4808,4789,4924,5074,5459,5100,5663,5811,6045,6410,7017,7785
South East,E06000042,Milton Keynes,5189,5390,5750,6102,6567,7129,7036,7397,7880,8267,8531,8339,8732,9030,9362,10093,11272,12504,12460,13322,14046,14559
South East,E06000060,Buckinghamshire,8253,8616,9063,9382,9761,10260,10348,10960,11244,11845,12450,12160,12331,12804,13115,13524,13939,14086,14431,14657,15347,16224
South East,E07000177,Cherwell,2463,2571,2708,2764,2900,3006,3024,3139,3230,3376,3604,3506,3611,3684,3863,4017,4285,4381,4510,4601,4814,4944
South East,E07000178,Oxford,2570,2686,2888,3052,3350,3588,3706,3836,4027,4170,4512,4494,4699,4828,5099,5337,5779,6065,6119,6030,6243,6781
South East,E07000179,South Oxfordshire,2147,2258,2318,2295,2444,2585,2571,2694,2765,2882,2982,2886,3014,3125,3157,3392,3504,3826,3591,3776,3930,4203
South East,E07000180,Vale of White Horse,2159,2256,2343,2378,2506,2653,2667,2826,2931,3061,3253,3252,3372,3430,3646,3807,3798,3929,3891,4005,4213,4202
South East,E07000181,West Oxfordshire,1316,1363,1417,1444,1545,1592,1583,1631,1703,1774,1897,1824,1875,1944,2053,2117,2259,2270,2370,2427,2580,2668
South East,E06000043,Brighton and Hove,3203,3377,3538,3799,3979,4194,4345,4690,4973,5256,5505,5512,5531,5651,6160,6670,7022,7252,7739,7920,8429,8732
South East,E07000061,Eastbourne,939,995,1042,1093,1159,1223,1257,1335,1408,1449,1533,1500,1514,1539,1523,1579,1614,1629,1810,1879,1877,1969
South East,E07000062,Hastings,777,804,827,851,919,956,999,1034,1085,1105,1204,1196,1214,1250,1228,1243,1317,1410,1518,1537,1566,1613
South East,E07000063,Lewes,937,984,1039,1104,1139,1189,1204,1266,1315,1349,1441,1403,1412,1396,1389,1453,1525,1656,1697,1774,1875,1958
South East,E07000064,Rother,678,713,738,778,816,852,869,917,961,995,1063,1022,1011,1003,1014,1091,1144,1249,1316,1266,1257,1326
South East,E07000065,Wealden,1383,1469,1523,1571,1641,1680,1683,1765,1843,1884,2035,1932,1979,1978,2016,2088,2209,2369,2459,2512,2570,2650
South East,E07000207,Elmbridge,2441,2600,2755,2853,2854,2922,2984,3091,3310,3392,3553,3446,3511,3652,3759,4041,4770,5269,5566,5633,5817,6205
South East,E07000209,Guildford,2564,2733,2884,2953,3053,3135,3205,3357,3572,3679,3909,3898,4046,4019,4159,4347,4415,4826,4783,4778,4975,5284
South East,E07000212,Runnymede,2430,2629,2747,2887,3037,3171,3213,3274,3557,3745,4088,4239,4273,4265,4699,4965,5319,5433,5602,6183,6160,6320
South East,E07000213,Spelthorne,1659,1796,1909,1954,1987,2058,2071,2231,2380,2452,2538,2510,2551,2570,2603,2715,2912,2901,2961,2997,3157,3469
South East,E07000214,Surrey Heath,1785,1864,1939,1990,2035,2117,2157,2228,2429,2529,2568,2532,2793,2801,2854,2962,2839,3108,3108,3081,3411,3597
South East,E07000216,Waverley,1907,2013,2157,2245,2322,2440,2482,2626,2835,2888,3033,2990,3023,3074,3138,2921,3027,3262,3185,3237,3196,3292
South East,E07000217,Woking,1781,1926,2062,2129,2205,2271,2302,2435,2637,2683,2815,2767,2819,2863,2836,3011,3341,3133,3145,3169,3313,3379
South East,E07000208,Epsom and Ewell,1053,1113,1147,1189,1282,1313,1346,1384,1542,1570,1622,1628,1684,1656,1658,1508,1567,1699,1737,1691,1706,1789
South East,E07000210,Mole Valley,1927,2031,2146,2257,2317,2396,2532,2743,2901,3088,3210,3131,3176,3262,3920,4341,4349,3883,4014,3960,4132,4245
South East,E07000211,Reigate and Banstead,3854,3931,3994,4215,4294,4487,4838,5239,5665,6221,6204,6325,6336,6271,6412,6680,6620,6750,6438,6562,5857,5737
South East,E07000215,Tandridge,988,1065,1104,1135,1196,1233,1236,1288,1371,1422,1508,1435,1484,1492,1472,1568,1731,1857,1889,1824,1812,1918
South East,E07000223,Adur,641,667,696,726,742,765,773,816,867,897,930,894,922,913,1010,943,987,1065,1109,1138,1172,1185
South East,E07000224,Arun,1205,1264,1300,1369,1434,1500,1516,1558,1615,1665,1778,1700,1764,1775,1846,1973,2041,2093,2234,2260,2381,2437
South East,E07000225,Chichester,1692,1759,1861,1899,1973,2061,2091,2176,2290,2312,2507,2490,2542,2595,2679,2821,2896,3116,3164,3304,3385,3513
South East,E07000229,Worthing,1530,1778,1849,1860,2100,2249,2246,2246,2407,2522,2650,2553,2683,2682,2969,3027,2888,3004,3299,3736,3799,4032
South East,E07000226,Crawley,3092,3245,3287,3240,3430,3496,3468,3453,3766,3842,4159,4059,4249,4288,4456,4742,4896,5316,5521,5790,5983,6057
South East,E07000227,Horsham,1784,1977,2049,2086,2249,2329,2331,2432,2529,2653,2857,2707,2810,2859,2825,2691,2801,2882,3084,3096,3347,3481
South East,E07000228,Mid Sussex,1706,1794,1887,1950,2019,2102,2140,2239,2376,2470,2621,2572,2648,2676,2722,2785,2860,3086,3172,3242,3310,3500
South East,E06000044,Portsmouth,2634,2717,2859,3000,3222,3372,3610,3819,3992,4274,4508,4508,4617,4668,4977,5185,5370,5323,5356,5698,5828,5981
South East,E06000045,Southampton,3368,3334,3416,3552,3883,4182,4507,4818,5009,5433,5566,5837,6026,6294,6483,6611,6760,7075,7173,7582,7843,7794
South East,E06000046,Isle of Wight,1269,1312,1372,1406,1514,1586,1680,1740,1846,1891,1994,1952,2003,2058,2127,2286,2397,2466,2418,2513,2555,2672
South East,E07000086,Eastleigh,2064,2100,2226,2394,2489,2589,2678,2793,2923,3015,3118,3027,3152,3247,3290,3326,3704,3775,3955,4121,4218,4421
South East,E07000087,Fareham,1475,1496,1559,1616,1657,1704,1767,1866,1939,2025,2114,2047,2111,2188,2372,2450,2699,2693,2813,2900,2935,3019
South East,E07000088,Gosport,574,584,608,630,650,693,726,756,781,803,850,848,858,862,857,909,962,954,979,1011,1008,1014
South East,E07000090,Havant,1599,1588,1667,1663,1820,1781,1891,1986,2074,2213,2389,2395,2636,2715,2780,2854,2884,2921,2898,2844,2706,2713
South East,E07000085,East Hampshire,1478,1547,1611,1668,1740,1783,1814,1915,1972,2026,2122,2083,2151,2228,2306,2182,2263,2368,2365,2446,2526,2672
South East,E07000091,New Forest,2573,2537,2683,2860,2877,3086,3231,3279,3332,3445,3529,3496,3665,3711,3703,3932,3903,4094,4164,4299,4454,4577
South East,E07000093,Test Valley,1791,1808,1911,1985,2035,2094,2154,2249,2339,2410,2504,2415,2522,2607,2678,2764,2948,3102,3203,3227,3298,3409
South East,E07000094,Winchester,2228,2297,2440,2556,2653,2749,2928,3123,3224,3497,3649,3613,3742,3845,4098,4244,4606,4944,5131,5423,5387,5478
South East,E07000084,Basingstoke and Deane,3856,3925,4176,4352,4636,4767,4982,5236,5322,5594,5808,5986,6142,6275,6509,6894,6705,6527,6471,6487,6686,7033
South East,E07000089,Hart,1514,1579,1784,1951,2136,2164,2261,2350,2451,2660,2737,2577,2725,2788,2723,2992,3087,3361,3600,2832,2927,3179
South East,E07000092,Rushmoor,1408,1440,1532,1697,1817,1896,2027,2125,2211,2397,2530,2509,2643,2704,2759,2802,2882,3075,3199,4329,4629,4988
South East,E06000035,Medway,2548,2619,2646,2748,2938,3128,3290,3501,3688,3843,4080,3991,4118,4205,4456,4613,4736,4880,5094,5337,5550,5866
South East,E07000107,Dartford,1952,2044,2077,2143,2314,2459,2540,2624,2685,2788,2988,2831,2900,2965,3055,3111,3376,3679,4007,3863,3901,3978
South East,E07000109,Gravesham,842,858,869,906,966,1005,1028,1078,1115,1164,1256,1205,1246,1259,1312,1353,1418,1473,1569,1626,1674,1812
South East,E07000113,Swale,1695,1731,1742,1832,1929,2063,2101,2109,2097,2171,2307,2098,2181,2243,2174,2290,2415,2492,2660,2683,2872,2946
South East,E07000106,Canterbury,1554,1586,1626,1716,1829,1961,2086,2225,2300,2433,2590,2515,2597,2618,2716,2832,3031,3023,3019,3162,3283,3428
South East,E07000108,Dover,1331,1374,1414,1422,1492,1591,1677,1698,1704,1790,1919,1877,1949,1988,2044,2042,2152,2297,2300,2377,2484,2614
South East,E07000112,Folkestone and Hythe,1118,1156,1167,1176,1257,1337,1389,1528,1636,1675,1765,1729,1720,1746,1870,1870,1839,1958,2118,2188,2174,2253
South East,E07000114,Thanet,1053,1095,1109,1138,1215,1303,1362,1464,1523,1577,1699,1620,1646,1655,1660,1717,1770,1850,1949,2047,2123,2229
South East,E07000105,Ashford,1514,1586,1623,1677,1756,1817,1908,2046,2181,2267,2377,2267,2329,2371,2463,2518,2734,2832,2885,2974,3067,3247
South East,E07000110,Maidstone,2030,2069,2134,2225,2345,2492,2600,2732,2869,3031,3231,3113,3233,3313,3214,3372,3514,3703,3865,3975,4199,4507
South East,E07000111,Sevenoaks,1614,1640,1665,1754,1839,1940,2018,2170,2233,2352,2471,2330,2404,2561,2812,3051,3157,3388,3648,3743,4048,4066
South East,E07000115,Tonbridge and Malling,2106,2216,2270,2357,2468,2559,2652,2820,2970,3126,3309,3231,3340,3386,3378,3525,3611,3650,3858,3992,4270,4680
South East,E07000116,Tunbridge Wells,1830,1830,1789,1877,1926,2043,2178,2420,2417,2516,2673,2668,2728,2904,2850,2862,2945,3274,3546,3590,3513,3584
South West,E06000023,"Bristol, City of",6412,6663,7032,7622,7977,8365,8804,9055,9574,10262,10626,11018,11429,11427,11679,12078,12752,13188,14011,14818,14750,15335
South West,E06000022,Bath and North East Somerset,2302,2397,2552,2681,2828,2951,3046,3143,3290,3416,3537,3480,3659,3668,3757,3744,3897,3940,4051,4111,4202,4458
South West,E06000024,North Somerset,2201,2288,2387,2514,2631,2753,2871,2944,3056,3159,3266,3184,3303,3315,3461,3712,3909,4032,4209,4267,4466,4542
South West,E06000025,South Gloucestershire,4653,4868,5192,5639,5949,6351,6655,6942,7185,7621,8005,7956,8260,8551,9097,9380,10292,10363,10922,11107,11779,12166
South West,E07000078,Cheltenham,1713,1788,1923,2072,2152,2255,2390,2452,2530,2628,2761,2780,2990,2972,2955,2768,3033,3069,3148,3220,3325,3462
South West,E07000079,Cotswold,1608,1672,1713,1830,1863,2008,2144,2406,2336,2607,2592,2605,2697,2625,2664,2994,3047,2891,3235,3400,3860,3886
South West,E07000080,Forest of Dean,1093,1096,1139,1209,1202,1238,1198,1224,1300,1376,1428,1362,1407,1478,1593,1524,1644,1628,1435,1527,1659,1775
South West,E07000081,Gloucester,1709,1763,1841,1974,2106,2230,2347,2442,2539,2700,2752,2805,2901,2867,3017,2929,3109,3200,3193,3255,3222,3224
South West,E07000082,Stroud,1457,1522,1567,1622,1651,1698,1749,1796,1792,1878,1929,1864,2055,2086,2190,2235,2309,2325,2521,2638,2749,2807
South West,E07000083,Tewkesbury,1453,1481,1534,1598,1702,1767,1838,1872,1924,1977,2022,2006,2107,2168,2315,2492,2616,2838,2693,3089,3011,3093
South West,E06000030,Swindon,4041,4195,4371,4762,5029,5446,5674,6020,6559,7207,7596,7664,7688,7564,7591,7862,8490,8926,8999,8948,9345,9575
South West,E06000054,Wiltshire,5485,5744,6010,6502,6790,7040,7301,7532,7720,8189,8488,8377,8771,8918,9414,9759,10379,10248,10529,10820,11264,11571
South West,E07000187,Mendip,1172,1244,1310,1324,1416,1446,1505,1573,1682,1724,1822,1769,1777,1799,1805,1843,1977,2041,2063,2193,2281,2313
South West,E07000188,Sedgemoor,1151,1219,1255,1277,1314,1359,1443,1501,1569,1586,1662,1646,1671,1718,1838,1856,1994,2080,2145,2417,2632,2687
South West,E07000189,South Somerset,2131,2270,2424,2441,2496,2606,2770,2857,2993,2951,3075,3015,3085,3222,3221,3163,3347,3367,3414,3664,3714,3820
South West,E07000246,Somerset West and Taunton,1721,1784,1855,1889,1988,2111,2185,2403,2533,2613,2689,2663,2652,2675,2680,2782,3018,3049,3165,3246,3283,3329
South West,E06000058,"Bournemouth, Christchurch and Poole",4860,5125,5369,5544,5731,6133,6449,6888,7265,7608,7876,7940,7868,8022,8188,8623,9005,9210,9726,10280,10339,10647
South West,E06000059,Dorset,4213,4519,4785,4772,4908,5062,5204,5490,5717,5788,6223,5991,6178,6204,6454,6563,6861,6886,7003,7351,7665,7947
South West,E06000052,Cornwall,4907,5059,5380,5666,6125,6656,6877,7220,7745,7884,8367,7960,8073,8277,8523,8777,9120,9412,9908,10727,11032,11403
South West,E06000053,Isles of Scilly,34,35,38,38,41,45,46,47,54,51,54,54,54,59,61,64,61,67,71,78,78,64
South West,E06000026,Plymouth,2638,2776,2806,2953,3079,3263,3571,3673,3939,3986,4167,4131,4286,4419,4556,4729,4880,4971,5159,5327,5487,5765
South West,E06000027,Torbay,1198,1269,1298,1348,1409,1479,1646,1721,1820,1848,1883,1813,1850,1848,1805,1895,1924,1931,1958,1961,1901,1976
South West,E07000040,East Devon,1411,1472,1504,1549,1633,1742,1901,1998,2070,2107,2168,2096,2142,2240,2408,2239,2379,2361,2448,2545,2649,2762
South West,E07000041,Exeter,2378,2489,2569,2706,2881,3104,3396,3556,3801,3922,4056,4109,4167,4130,4233,4655,4542,4828,5034,5365,5396,5706
South West,E07000042,Mid Devon,714,733,745,765,810,821,875,890,940,940,974,951,983,999,1001,1060,1134,1194,1221,1282,1338,1374
South West,E07000043,North Devon,1067,1164,1195,1232,1308,1379,1461,1520,1648,1678,1728,1705,1787,1821,1804,1878,1936,2059,2152,2161,2230,2261
South West,E07000044,South Hams,1088,1129,1157,1215,1283,1370,1458,1512,1594,1607,1652,1580,1653,1726,1698,1756,1856,1926,1939,1930,2030,2030
South West,E07000045,Teignbridge,1126,1175,1218,1255,1338,1414,1507,1562,1651,1647,1687,1624,1714,1740,1802,1872,2073,2172,2262,2399,2361,2437
South West,E07000046,Torridge,546,564,568,577,630,655,703,713,754,746,788,769,790,803,842,864,913,898,917,977,960,966
South West,E07000047,West Devon,462,477,481,499,539,558,598,621,657,656,676,649,667,671,656,691,723,743,766,782,785,775
Wales,W06000001,Isle of Anglesey,577,575,591,611,646,707,778,789,843,865,856,814,801,831,867,861,865,907,970,994,1081,1130
Wales,W06000002,Gwynedd,1365,1361,1402,1441,1560,1684,1762,1881,2026,2068,2100,2036,2019,2111,2131,2222,2236,2263,2278,2368,2392,2456
Wales,W06000003,Conwy,921,938,972,1013,1077,1148,1207,1257,1311,1324,1336,1287,1332,1397,1445,1560,1608,1676,1742,1849,1866,1907
Wales,W06000004,Denbighshire,926,934,978,1020,1112,1176,1254,1296,1358,1382,1417,1372,1404,1458,1456,1551,1607,1621,1701,1778,1827,1853
Wales,W06000008,Ceredigion,732,738,775,816,878,938,995,1009,1074,1094,1113,1110,1135,1187,1176,1217,1202,1254,1296,1316,1342,1352
Wales,W06000009,Pembrokeshire,1232,1175,1208,1316,1313,1433,1747,1653,1653,1812,1796,1622,1674,1643,1755,1913,1875,2480,2524,2510,2481,2553
Wales,W06000010,Carmarthenshire,1665,1669,1734,1797,1896,2010,2115,2204,2332,2391,2430,2318,2365,2459,2635,2757,2844,2936,3047,3035,3193,3289
Wales,W06000016,Rhondda Cynon Taf,2028,2049,2094,2114,2268,2365,2447,2581,2770,2812,2924,3083,3310,3414,3555,3661,3846,3795,3998,4084,4152,4187
Wales,W06000024,Merthyr Tydfil,570,580,621,639,670,715,787,848,879,900,909,905,906,949,928,933,940,974,985,1027,1059,1072
Wales,W06000018,Caerphilly,1499,1504,1571,1590,1643,1713,1793,1866,1955,1983,2011,2009,2049,2179,2239,2350,2427,2581,2726,2792,2898,2990
Wales,W06000019,Blaenau Gwent,527,524,552,556,575,587,619,652,680,687,683,665,691,729,758,760,758,801,795,847,894,890
Wales,W06000020,Torfaen,912,918,978,988,1045,1133,1194,1254,1331,1326,1315,1277,1326,1393,1395,1477,1500,1467,1449,1503,1612,1701
Wales,W06000012,Neath Port Talbot,1426,1454,1523,1445,1459,1485,1501,1573,1741,1762,1795,1774,1923,1919,1995,2122,2170,2248,2355,2381,2477,2540
Wales,W06000013,Bridgend,1604,1615,1685,1711,1821,1950,2051,2144,2274,2346,2413,2296,2418,2515,2511,2630,2785,2778,2789,2944,3091,3220
Wales,W06000011,Swansea,2579,2606,2710,2867,3016,3226,3491,3714,3893,4056,4165,4185,4157,4300,4400,4542,4897,4835,5096,5238,5490,5666
Wales,W06000021,Monmouthshire,979,1039,1134,1173,1242,1320,1389,1434,1524,1563,1586,1538,1558,1607,1653,1705,1795,1886,1870,1895,2014,2096
Wales,W06000022,Newport,2093,2157,2282,2323,2397,2601,2739,2833,2999,3114,2984,2971,3054,3158,3230,3143,3148,3261,3574,3722,4099,4090
Wales,W06000014,Vale of Glamorgan,1103,1135,1193,1265,1344,1453,1424,1478,1577,1565,1540,1567,1545,1588,1697,1807,1827,1956,1994,1915,1976,1965
Wales,W06000015,Cardiff,5059,5378,5643,5883,6229,6737,7051,7482,7861,8525,8429,8540,8531,8867,9351,9596,9940,10208,10863,11205,11559,11863
Wales,W06000005,Flintshire,2060,2098,2226,2257,2289,2412,2499,2584,2799,2822,2959,2958,3123,3485,3626,3689,3707,3919,4145,4323,4526,4737
Wales,W06000006,Wrexham,1790,1791,1899,1922,1978,2099,2220,2310,2451,2540,2508,2568,2662,2760,2774,2950,2923,2994,2949,3013,3180,3322
Wales,W06000023,Powys,1279,1313,1403,1451,1517,1648,1727,1708,1777,1832,1783,1787,1811,1865,1904,1988,2046,2141,2191,2171,2244,2264
Scotland,S12000033,Aberdeen City,5023,5017,5104,5501,5778,5871,6170,6521,7488,8366,9290,9290,9649,9817,10716,11373,11606,11056,9842,9592,9936,10323
Scotland,S12000034,Aberdeenshire,3338,3319,3422,3651,3824,3837,4038,4241,4818,5315,5773,5756,5809,6029,6096,6537,7108,7177,6895,7030,7052,6922
Scotland,S12000017,Highland,2695,2832,2920,3053,3107,3401,3674,3893,4107,4208,4410,4339,4575,4842,4973,5235,5453,5552,5656,6009,6151,6403
Scotland,S12000020,Moray,1013,1033,1053,1066,1112,1208,1277,1345,1439,1520,1705,1724,1702,1779,1720,1810,1840,1860,1848,2034,2074,2145
Scotland,S12000021,North Ayrshire,1266,1315,1359,1384,1383,1471,1515,1617,1744,1765,1839,1810,1805,1804,1895,2010,2067,2045,2142,2165,2160,2260
Scotland,S12000035,Argyll and Bute,946,997,1027,1095,1117,1220,1309,1421,1484,1520,1596,1608,1590,1661,1692,1705,1754,1741,1757,1895,1876,1944
Scotland,S12000013,Na h-Eileanan Siar,267,286,292,318,323,355,384,412,426,436,463,464,480,500,496,487,510,498,498,516,530,565
Scotland,S12000023,Orkney Islands,293,310,326,344,349,385,421,456,470,489,519,535,546,577,574,542,558,576,565,561,555,560
Scotland,S12000027,Shetland Islands,386,399,393,414,420,447,483,511,544,545,590,647,642,699,707,739,796,745,720,765,758,748
Scotland,S12000041,Angus,1048,1066,1105,1122,1160,1237,1260,1291,1452,1515,1548,1499,1508,1536,1584,1685,1820,1772,1873,1864,1997,2108
Scotland,S12000042,Dundee City,1806,1820,1975,2053,2150,2309,2431,2519,2597,2684,2745,2746,2784,2872,3002,3054,3157,3233,3254,3379,3435,3557
Scotland,S12000005,Clackmannanshire,419,439,454,455,481,514,550,589,640,686,709,695,688,708,742,729,818,876,920,954,1031,1094
Scotland,S12000047,Fife,3853,3903,4049,4148,4352,4597,4776,4933,5404,5604,5860,5738,5785,5841,6036,6270,6554,6794,7030,7205,7222,7398
Scotland,S12000010,East Lothian,769,777,803,826,885,950,990,1022,1132,1176,1190,1165,1186,1224,1291,1407,1485,1529,1604,1676,1758,1855
Scotland,S12000019,Midlothian,665,690,749,769,801,848,886,922,931,970,1018,996,1009,1049,1102,1232,1305,1392,1428,1495,1568,1662
Scotland,S12000036,City of Edinburgh,9317,9332,10000,10712,11553,12647,13675,14698,15267,16386,16330,16837,16597,16842,17688,18579,19187,19621,21388,22329,23388,24161
Scotland,S12000014,Falkirk,2041,2017,2112,2162,2270,2431,2534,2803,3062,2982,3142,3168,3131,3170,3228,3347,3463,3700,3692,3735,3953,4014
Scotland,S12000048,Perth and Kinross,2095,2008,1965,2010,2170,2318,2443,2538,2908,2966,3016,3188,3100,3186,3442,3726,3895,4050,4043,4166,4225,4412
Scotland,S12000030,Stirling,1243,1276,1349,1443,1505,1655,1744,1887,1906,2112,2077,2074,2008,2050,2141,2274,2284,2288,2277,2436,2378,2555
Scotland,S12000040,West Lothian,2582,2679,2720,2781,2921,3140,3350,3393,3605,3790,4002,3827,3966,4034,3826,3757,3965,4239,4327,4507,4743,4929
Scotland,S12000039,West Dunbartonshire,873,892,939,1008,1048,1106,1188,1269,1350,1354,1436,1415,1422,1461,1421,1456,1484,1510,1624,1702,1816,1882
Scotland,S12000045,East Dunbartonshire,747,768,785,819,841,878,923,988,1028,1018,1047,1013,982,1024,1083,1120,1204,1268,1294,1392,1440,1473
Scotland,S12000049,Glasgow City,10847,11063,11343,12106,12493,13303,14282,15551,16328,16994,17567,17523,17022,17543,17893,18729,19233,19379,19829,20716,21109,22179
Scotland,S12000011,East Renfrewshire,555,570,595,614,643,663,700,706,732,729,787,754,754,761,817,897,955,991,1016,1073,1086,1087
Scotland,S12000038,Renfrewshire,2360,2374,2500,2602,2700,2808,2948,3076,3280,3188,3387,3300,3283,3396,3406,3530,3847,4012,3904,4199,4317,4526
Scotland,S12000018,Inverclyde,881,825,857,891,970,991,1072,1095,1124,1118,1188,1176,1146,1184,1185,1182,1246,1257,1291,1297,1243,1241
Scotland,S12000050,North Lanarkshire,3573,3613,3736,3960,4129,4347,4578,4846,5112,5166,5496,5396,5435,5551,5737,5992,6773,6876,7074,7539,7693,8090
Scotland,S12000026,Scottish Borders,1321,1313,1358,1408,1466,1519,1576,1595,1712,1733,1806,1774,1775,1838,1871,1975,2126,2159,2192,2240,2353,2408
Scotland,S12000006,Dumfries and Galloway,1917,1968,2070,2189,2263,2378,2474,2530,2712,2729,2871,2841,2765,2864,2932,3091,3231,3209,3286,3409,3472,3610
Scotland,S12000008,East Ayrshire,1076,1105,1148,1219,1272,1321,1382,1491,1594,1644,1708,1703,1670,1686,1711,1678,1717,1757,1801,1904,1878,1894
Scotland,S12000028,South Ayrshire,1385,1409,1506,1573,1645,1710,1803,1886,2003,1970,2050,2054,2088,2122,2072,2080,2178,2215,2256,2378,2440,2482
Scotland,S12000029,South Lanarkshire,3505,3548,3618,3768,3936,4163,4379,4682,5107,5167,5480,5435,5348,5442,5587,5899,6100,6174,6266,6671,6731,6846
Northern Ireland,N09000003,Belfast,5661,6021,6437,6765,7089,7786,8206,8716,9263,9676,9815,9914,9654,9881,10105,10444,10772,11210,11876,12523,12998,13300
Northern Ireland,N09000002,"Armagh City, Banbridge and Craigavon",1713,1801,1923,2053,2121,2258,2376,2496,2686,2825,2823,2747,2748,2805,2876,3059,3231,3332,3558,3687,3865,3992
Northern Ireland,N09000010,"Newry, Mourne and Down",1304,1386,1487,1561,1626,1735,1806,1912,2058,2115,2174,2107,2075,2158,2280,2411,2582,2678,2837,2942,3029,3171
Northern Ireland,N09000011,Ards and North Down,1050,1107,1177,1234,1289,1371,1405,1506,1615,1663,1686,1611,1577,1625,1693,1660,1737,1745,1892,1971,2044,2086
Northern Ireland,N09000005,Derry City and Strabane,1297,1357,1409,1451,1507,1705,1753,1919,2057,2064,2130,2129,2064,2124,2260,2313,2343,2372,2627,2722,2857,2972
Northern Ireland,N09000009,Mid Ulster,1581,1686,1837,1889,1930,2121,2183,2286,2447,2538,2462,2262,2352,2384,2449,2642,2787,2902,3011,3123,3337,3441
Northern Ireland,N09000004,Causeway Coast and Glens,1147,1220,1343,1343,1403,1516,1570,1645,1774,1804,1798,1742,1751,1825,1862,1878,1924,1923,2087,2162,2170,2197
Northern Ireland,N09000001,Antrim and Newtownabbey,1590,1681,1808,1895,1956,2047,2122,2207,2376,2490,2458,2378,2407,2481,2531,2554,2719,2815,2965,3113,3184,3242
Northern Ireland,N09000007,Lisburn and Castlereagh,1448,1533,1646,1740,1792,1914,1962,2073,2212,2285,2282,2255,2246,2297,2414,2512,2591,2712,2825,2913,3083,3175
Northern Ireland,N09000008,Mid and East Antrim,1987,2079,2261,2171,2261,2334,2467,2470,2610,2634,2750,2996,2885,2718,3063,2988,2923,3250,3006,2757,2350,2377
Northern Ireland,N09000006,Fermanagh and Omagh,1088,1146,1217,1269,1326,1429,1503,1612,1714,1749,1755,1697,1657,1677,1794,1731,1854,1895,2009,2125,2211,2272
