Region,LAU1 code,LA name,SIC07 code,SIC07 Industry,1998,1999,2000,2001,2002,2003,2004,2005,2006,2007,2008,2009,2010,2011,2012,2013,2014,2015,2016
North East,E06000001,Hartlepool,All,All industries,10152,10794,10772,11012,11342,12056,12328,13226,13805,14144,14401,14940,14458,14220,14318,16528,15852,16090,16246
North East,E06000004,Stockton-on-Tees,All,All industries,13132,13822,13830,14104,14606,15878,17212,18165,18538,18754,18872,19423,18515,19002,19455,18888,20478,20874,20638
North East,E06000002,Middlesbrough,All,All industries,10581,11524,11737,11596,12463,12958,14832,15465,16083,16687,16884,17595,17731,17514,17112,17279,17643,18059,18575
North East,E06000003,Redcar and Cleveland,All,All industries,9865,10219,10474,10291,11071,11671,12880,13449,13633,14409,15142,14726,15019,14740,14705,15374,15313,15345,15311
North East,E06000005,Darlington,All,All industries,13471,14212,14591,16017,17206,18970,19511,18859,20104,20850,21215,20550,21750,22162,22433,21867,23847,25012,24381
North East,E06000047,County Durham,All,All industries,9423,9546,10031,10364,10943,11720,12126,12490,13367,13640,14049,14212,14344,14175,14585,15247,15297,16287,16295
North East,E06000057,Northumberland,All,All industries,10512,10045,10579,10709,11682,12158,12666,13179,13893,13994,14373,13843,13867,14297,14578,14813,15988,15798,16140
North East,E08000037,Gateshead,All,All industries,12960,13192,13626,14260,15360,16026,17306,18388,19349,19257,19803,19177,18995,20419,20365,20128,21202,21662,21690
North East,E08000021,Newcastle upon Tyne,All,All industries,15008,15551,16119,17468,18839,19691,21889,23140,24653,24744,25438,24280,24379,25858,26311,25345,25289,26101,26317
North East,E08000022,North Tyneside,All,All industries,10931,11220,11536,11952,13048,13580,14835,15515,16195,15984,16677,16373,17178,17543,18101,18279,19801,20258,20786
North East,E08000023,South Tyneside,All,All industries,7936,8074,8253,8587,9064,9578,10530,11283,12030,12139,12573,12171,12789,13396,13775,14091,14181,14296,14236
North East,E08000024,Sunderland,All,All industries,11556,11290,11947,12953,14008,14445,15851,17315,17614,17997,18158,17836,17506,17653,18763,18908,20428,20314,20632
North West,E07000026,Allerdale,All,All industries,12060,12099,11912,11923,12433,13183,13495,13691,15498,15587,16089,16420,17169,17539,18385,18659,19337,19769,19771
North West,E07000027,Barrow-in-Furness,All,All industries,12894,12302,11940,11725,12576,13429,13940,13967,16001,16412,17167,18118,18326,18938,19557,21313,22066,25558,25591
North West,E07000029,Copeland,All,All industries,13400,13329,12981,12580,13203,14555,14989,15117,17009,17470,18775,19602,19978,20082,20782,21718,23180,23657,24713
North West,E07000028,Carlisle,All,All industries,13383,13665,14097,14049,14871,16663,17001,17365,18944,19236,20072,19036,19869,19085,20742,22513,22429,23561,23774
North West,E07000030,Eden,All,All industries,15077,15259,15980,15620,16556,18745,18993,19456,20831,21088,21941,19657,21072,20372,21048,21418,22381,23958,24845
North West,E07000031,South Lakeland,All,All industries,13798,14256,14712,15209,16035,17719,18115,18273,20025,20437,21661,19904,20710,20814,21511,22121,23439,24277,25317
North West,E08000003,Manchester,All,All industries,18160,19104,19372,21288,22596,23201,24841,26018,27354,28599,28217,28732,28839,28014,29025,31107,31788,32523,33573
North West,E08000006,Salford,All,All industries,13914,14573,15109,16388,17330,17995,19588,20572,21512,22532,22642,22739,22583,22242,22967,24220,24157,24800,25188
North West,E08000009,Trafford,All,All industries,19110,20202,21135,22716,23948,24733,25741,26803,27817,28765,29088,28969,29468,29432,30060,31857,32316,33816,34566
North West,E08000007,Stockport,All,All industries,13381,14052,14761,15635,16595,17212,18303,19295,20196,21248,21521,21752,22002,21717,22315,22177,21348,21569,22074
North West,E08000008,Tameside,All,All industries,10882,11362,11890,12236,12791,13009,13672,14616,14974,15614,15907,15506,15270,14992,15349,15685,15131,15236,15418
North West,E08000001,Bolton,All,All industries,10947,11286,11317,11691,12278,12863,13180,14334,14926,15421,15667,15238,15193,15119,15587,16177,16150,16591,17327
North West,E08000010,Wigan,All,All industries,9568,9801,9939,10332,10865,11521,11642,12649,13121,13546,13722,13134,13549,13136,13738,14265,14459,15227,15830
North West,E08000002,Bury,All,All industries,10828,11149,11423,11847,12439,13493,13552,14744,15348,15843,15872,15457,15794,15930,16419,17105,17007,18077,19204
North West,E08000004,Oldham,All,All industries,10698,10970,10901,11245,11667,12234,12468,13472,14106,14507,14641,14011,14298,14550,15110,15743,15366,16784,17388
North West,E08000005,Rochdale,All,All industries,10398,10784,10784,11100,11564,12086,12406,13410,13930,14550,14515,14072,14117,13940,14862,15156,15716,16014,16564
North West,E06000008,Blackburn with Darwen,All,All industries,11815,12513,12671,12556,13115,13945,15012,15159,15344,16540,16669,15611,15302,16346,17087,17728,18683,19180,19944
North West,E06000009,Blackpool,All,All industries,10696,11657,11537,11760,13008,12911,13369,13836,14458,14377,13754,14018,14670,15061,15070,15103,15600,16679,16622
North West,E07000121,Lancaster,All,All industries,10823,11091,11176,11553,12076,13460,14541,15027,15790,16773,16699,15618,15630,15865,16420,17128,17872,17878,17449
North West,E07000128,Wyre,All,All industries,9591,9983,10113,10492,11033,11716,12395,12569,12915,13688,13807,13243,13946,13789,13672,13385,13950,14631,14304
North West,E07000119,Fylde,All,All industries,18834,19724,20489,20551,21439,22489,23860,24649,25326,26298,26178,24546,26163,24080,25400,27543,27956,32470,33067
North West,E07000123,Preston,All,All industries,13676,14229,14875,15847,16740,18011,19430,19998,20584,22044,22126,22537,22991,22098,22428,22512,22513,24184,25341
North West,E07000124,Ribble Valley,All,All industries,21726,22304,21431,22029,23008,25251,25660,25666,25782,27387,28610,26417,26780,27453,27571,29195,29190,37023,36999
North West,E07000126,South Ribble,All,All industries,12874,13337,13598,14021,15251,16257,17027,17463,17864,18949,18797,18451,18851,21501,21892,22455,23340,25138,26154
North West,E07000117,Burnley,All,All industries,11255,11820,11910,12304,12592,13779,14598,15118,15766,16677,16170,15145,16371,16960,17726,17714,19082,19291,20028
North West,E07000120,Hyndburn,All,All industries,10843,11380,11464,11786,12665,13053,14510,14931,14999,15762,15281,14243,14548,15045,16023,16421,17013,17023,17401
North West,E07000122,Pendle,All,All industries,12744,13132,13283,13515,14179,15384,16101,16501,16984,17544,16621,15200,15697,16148,17567,17922,17422,17632,18320
North West,E07000125,Rossendale,All,All industries,11694,12024,12275,12589,13772,15103,16280,16360,16047,16644,15953,14916,15709,15956,16171,17089,18060,17757,17440
North West,E07000118,Chorley,All,All industries,10859,11247,11539,12063,12975,14107,14900,15056,15434,16214,15834,15399,15793,15737,15884,15555,16123,15865,16138
North West,E07000127,West Lancashire,All,All industries,13170,13833,13909,14489,15187,16356,17424,17703,18002,18846,18390,17482,18026,18476,19167,19363,20317,20820,21041
North West,E06000007,Warrington,All,All industries,17291,18153,19130,21183,22241,23297,23533,25906,27635,28414,27028,26698,27785,28144,29439,29362,30864,29690,31597
North West,E06000049,Cheshire East,All,All industries,16817,17638,17531,19983,20618,20979,21920,22672,24190,25466,25245,25599,26069,26817,28245,30684,31891,32618,34678
North West,E06000050,Cheshire West and Chester,All,All industries,15634,16593,16470,18463,19268,19629,20517,21530,23204,24654,24380,25136,24719,24970,25076,25558,27228,27634,28828
North West,E06000006,Halton,All,All industries,13279,14010,14390,16232,16518,17788,18146,18891,20177,20363,21551,21608,23110,23921,23888,24248,25980,25227,25567
North West,E08000011,Knowsley,All,All industries,10495,11206,11606,12742,13232,14599,14976,15913,16823,17370,18183,18179,19551,19511,19422,21393,23710,26226,27039
North West,E08000013,St. Helens,All,All industries,9042,9640,9980,11045,11685,12546,13181,13990,15089,15453,15783,15735,15990,16226,16433,15339,16095,17107,17212
North West,E08000012,Liverpool,All,All industries,12549,13707,14100,14807,15712,17427,17752,18651,20799,20997,21580,23977,23212,22167,22146,22150,23333,23533,23389
North West,E08000014,Sefton,All,All industries,10005,10827,10912,11576,12666,12862,13969,13983,14803,14807,15065,15050,15184,14967,14856,14741,15002,15454,15730
North West,E08000015,Wirral,All,All industries,9497,9860,9973,10520,11103,12194,12182,12556,13216,13275,13655,13331,13338,13817,13760,13885,14286,14929,15237
Yorkshire and The Humber,E06000010,"Kingston upon Hull, City of",All,All industries,11241,11590,13096,13551,14417,15841,16214,16599,18197,19099,18891,19481,18497,18670,18981,19107,19462,20092,20506
Yorkshire and The Humber,E06000011,East Riding of Yorkshire,All,All industries,11525,11378,11987,12707,13578,14168,15294,15402,16236,16496,16892,17310,16469,16000,16566,16790,17072,17613,17951
Yorkshire and The Humber,E06000012,North East Lincolnshire,All,All industries,12004,11733,11839,12616,13394,14140,14731,15829,16859,18101,18091,18894,17789,17860,17715,18155,19514,19700,19566
Yorkshire and The Humber,E06000013,North Lincolnshire,All,All industries,17097,16216,16314,16954,18369,19266,18636,20110,21546,22960,22611,24351,22877,22269,21400,20464,20634,23078,22634
Yorkshire and The Humber,E06000014,York,All,All industries,16528,16406,17075,18307,19843,21265,22364,22293,22503,23930,23755,22745,22294,22765,22676,23035,23425,22631,23109
Yorkshire and The Humber,E07000163,Craven,All,All industries,14439,14473,14762,15289,17016,18640,19732,20792,21410,23217,23252,22383,21323,22129,22203,22831,24534,24755,25690
Yorkshire and The Humber,E07000164,Hambleton,All,All industries,13914,13836,14589,15489,16869,17876,18362,19019,19379,19995,20730,19577,19786,21004,20701,21735,22520,22077,22263
Yorkshire and The Humber,E07000165,Harrogate,All,All industries,14016,14384,14985,15636,17388,18627,18970,19714,20245,21527,21757,20256,21262,21840,21449,22902,23284,23588,24791
Yorkshire and The Humber,E07000166,Richmondshire,All,All industries,11106,11391,11365,11585,12476,13313,13809,13672,14011,14497,14923,14068,15358,15353,16293,16189,18135,17836,16726
Yorkshire and The Humber,E07000167,Ryedale,All,All industries,12591,12947,13556,14222,15551,16612,16922,17658,18255,18772,19197,18066,18978,19462,19559,20714,21845,22053,23092
Yorkshire and The Humber,E07000168,Scarborough,All,All industries,11387,11296,11798,12306,13448,14466,15223,15732,16080,16646,17249,16434,16423,17302,17080,18350,19006,18537,19094
Yorkshire and The Humber,E07000169,Selby,All,All industries,15617,15063,16264,17068,17958,18597,17899,18850,20413,20398,19969,20199,19429,20434,21485,22039,21359,21759,22269
Yorkshire and The Humber,E08000016,Barnsley,All,All industries,9138,8906,9333,9752,10406,11052,11859,12221,12781,13844,13138,12372,12901,13105,13328,14055,14293,14722,15072
Yorkshire and The Humber,E08000017,Doncaster,All,All industries,9506,9391,9917,10459,11289,11983,12927,13185,13955,15099,14365,13636,14424,14303,14715,15250,15606,16879,16897
Yorkshire and The Humber,E08000018,Rotherham,All,All industries,9938,9755,10397,10954,11789,12425,13141,13678,14405,15666,14769,14119,14806,14827,15189,15704,16091,16761,17289
Yorkshire and The Humber,E08000019,Sheffield,All,All industries,12597,12370,12904,14155,15230,15583,16356,16805,17554,19075,18595,18338,18420,18546,19069,19406,19398,19799,19870
Yorkshire and The Humber,E08000032,Bradford,All,All industries,12180,13048,13285,13304,13950,14224,14509,14806,15781,16812,16414,16620,15748,16026,16445,16955,17430,18365,18577
Yorkshire and The Humber,E08000035,Leeds,All,All industries,16006,16878,17442,18373,19477,20568,22101,23341,24310,25461,25441,24857,24516,25464,25124,25853,26513,27751,28079
Yorkshire and The Humber,E08000033,Calderdale,All,All industries,12984,13302,13400,13633,14061,15321,16775,17834,18087,18939,18597,18166,18934,19252,19715,20053,20324,21246,21486
Yorkshire and The Humber,E08000034,Kirklees,All,All industries,11366,11887,11998,12142,12345,13144,13892,14385,14750,15306,15120,14636,14662,15088,15694,15605,16044,16599,16991
Yorkshire and The Humber,E08000036,Wakefield,All,All industries,11979,12683,12875,13137,13636,14637,15538,16133,16646,17293,17405,17062,17690,17820,18692,19380,19480,20284,20654
East Midlands,E06000015,Derby,All,All industries,15430,16985,17661,17978,19052,18747,20150,21451,21716,22357,22660,22347,23128,23956,24605,25502,25710,26397,27212
East Midlands,E07000033,Bolsover,All,All industries,10126,10182,10154,10234,10790,11597,11838,12350,13062,13668,13757,13215,13405,15779,16040,18199,18361,19760,19841
East Midlands,E07000034,Chesterfield,All,All industries,10335,10768,11021,11615,12495,13419,13852,14616,15582,16328,16237,15993,16883,17841,18583,19620,19891,20460,20987
East Midlands,E07000038,North East Derbyshire,All,All industries,8728,8899,9038,9219,9885,10428,10657,11313,11964,12475,12377,11644,12265,13302,13397,13680,14600,14571,14676
East Midlands,E07000032,Amber Valley,All,All industries,13477,13533,13016,13389,13905,14923,15998,16643,17456,17622,17525,16181,17198,17917,18243,19851,20117,20831,21192
East Midlands,E07000039,South Derbyshire,All,All industries,12294,12604,11986,11997,12348,12791,13564,14012,14292,14238,14278,12795,13870,14860,15600,17312,16597,15893,16492
East Midlands,E07000035,Derbyshire Dales,All,All industries,14555,14847,14451,15394,16038,17062,18015,18875,19948,20366,20310,18820,20720,21381,21903,22178,22910,22431,23989
East Midlands,E07000036,Erewash,All,All industries,10581,10771,10184,10574,11099,11829,12726,13301,13974,14088,14105,13088,13709,14861,15052,15777,15603,15961,16737
East Midlands,E07000037,High Peak,All,All industries,11324,11537,11108,11498,11922,12567,13819,14250,14817,15057,15312,13781,14750,16439,16417,17173,17515,18606,19393
East Midlands,E06000018,Nottingham,All,All industries,19136,18464,19270,20254,20859,21134,23044,23633,23229,24063,25023,25559,25586,25422,25385,25157,26453,26767,27393
East Midlands,E07000170,Ashfield,All,All industries,11461,11797,12138,11818,12164,12736,13368,14321,14917,15734,15907,15056,15545,16589,16969,17297,17755,17653,17876
East Midlands,E07000171,Bassetlaw,All,All industries,11970,12288,12663,12590,12994,13411,14194,15048,15734,16464,16698,16130,16168,17895,17999,18294,19136,19874,20446
East Midlands,E07000174,Mansfield,All,All industries,9316,9500,9831,10142,10681,11253,11845,13072,13529,14488,14568,13940,13988,14198,14377,14391,15215,15461,16073
East Midlands,E07000175,Newark and Sherwood,All,All industries,12080,12263,12824,12862,13565,14228,14665,15449,16060,16636,16932,16122,16412,17858,17678,18002,19082,19072,19772
East Midlands,E07000172,Broxtowe,All,All industries,10366,11045,11892,11997,12631,13175,13420,15059,15701,15669,15393,15067,14775,15335,15585,17668,17029,17627,17757
East Midlands,E07000173,Gedling,All,All industries,8616,9117,9779,9963,10611,10949,10919,12026,12707,12682,12475,12423,12052,12102,12376,13475,13926,14529,14694
East Midlands,E07000176,Rushcliffe,All,All industries,11855,12657,13541,13490,14323,14360,14312,15737,16411,16739,16375,16417,16490,15816,16759,17332,19209,18822,19271
East Midlands,E06000016,Leicester,All,All industries,14175,14571,15239,15671,16502,17291,17800,18160,18996,18748,18901,18682,18593,18896,19858,20223,21123,22466,22233
East Midlands,E07000129,Blaby,All,All industries,14722,13807,15096,15492,15995,17300,19064,20758,22414,24305,23050,23299,22569,23161,24403,25452,27102,27301,27725
East Midlands,E07000130,Charnwood,All,All industries,12371,11619,12375,12758,13113,14193,14763,15513,16584,17375,17422,16933,17094,16684,17119,17414,18561,18466,18712
East Midlands,E07000131,Harborough,All,All industries,15167,14655,15121,15247,15669,16965,17126,18099,19457,20414,20216,19529,20386,20322,20551,21028,22095,22303,22372
East Midlands,E07000132,Hinckley and Bosworth,All,All industries,12998,12316,13192,13429,13583,14603,15377,16634,17315,18422,18599,18738,18985,19146,20441,20670,21987,22180,22666
East Midlands,E07000133,Melton,All,All industries,16814,14951,16051,16728,16816,17114,18615,18818,19824,20417,21331,19874,20683,21272,21732,22841,22722,24192,24260
East Midlands,E07000134,North West Leicestershire,All,All industries,17694,16500,17891,18324,18533,19888,20608,21750,23067,24170,23794,22982,23714,23623,25372,26131,27872,30258,30172
East Midlands,E07000135,Oadby and Wigston,All,All industries,11180,10440,10989,11207,11344,12354,12600,13398,14249,14858,15075,14885,15412,15485,15252,14707,14646,15745,16599
East Midlands,E06000017,Rutland,All,All industries,14264,13219,14006,14200,14283,15093,15882,16503,17732,18209,18769,18075,19238,19052,19308,18780,19746,20654,20825
East Midlands,E07000151,Daventry,All,All industries,16950,16924,18118,17882,18293,17946,18627,18955,19959,20916,21922,20380,21621,21661,22314,23589,24600,24829,26460
East Midlands,E07000154,Northampton,All,All industries,15647,16602,17966,18246,18575,20209,21239,22363,23833,25682,24995,24862,25764,24920,25840,26673,27362,27056,27963
East Midlands,E07000155,South Northamptonshire,All,All industries,12244,13180,14394,14114,13968,14716,14582,14508,15574,16290,16838,16213,17391,17174,18223,18796,19729,20420,20808
East Midlands,E07000150,Corby,All,All industries,14948,15388,16314,16306,16792,17844,17924,18650,19815,20639,21262,19958,21060,19910,19388,20916,20607,20958,22221
East Midlands,E07000152,East Northamptonshire,All,All industries,11982,12378,13134,12778,12856,13369,13626,14036,14547,15234,15316,14624,15639,15274,14742,14667,13880,16103,16226
East Midlands,E07000153,Kettering,All,All industries,13956,14727,15518,15491,15752,16337,16841,17327,18559,19647,20180,19408,19913,19718,19663,18199,18215,21970,22602
East Midlands,E07000156,Wellingborough,All,All industries,11891,12453,13378,13306,13509,14296,14608,15582,17048,18059,18054,18085,18152,17910,18005,23688,24561,19585,20792
East Midlands,E07000136,Boston,All,All industries,13112,13275,13772,14642,15193,16255,15508,15716,16189,16528,17030,16033,16602,17426,18575,19849,20584,20075,20377
East Midlands,E07000137,East Lindsey,All,All industries,10247,10188,10497,11200,11561,12356,11982,12429,13111,13431,13934,13287,13441,14277,14808,15289,15306,15748,16135
East Midlands,E07000138,Lincoln,All,All industries,13749,14060,14587,15980,16731,18167,17554,18492,19650,20731,21624,21065,20975,20629,21242,22638,23437,22507,22243
East Midlands,E07000139,North Kesteven,All,All industries,14753,14170,14238,14865,14659,15754,15151,14927,15577,16039,17026,15409,16185,16088,16400,16449,17156,16254,16528
East Midlands,E07000140,South Holland,All,All industries,12611,12562,13196,13869,14317,15465,14221,14836,15247,15629,15949,14881,15249,16009,16971,17538,17511,18159,18498
East Midlands,E07000141,South Kesteven,All,All industries,10847,11140,11522,12533,13106,14137,13552,14270,14965,15507,16059,15349,15584,16040,16590,17517,17884,18094,18068
East Midlands,E07000142,West Lindsey,All,All industries,8977,9014,9236,9941,10340,11032,10854,11174,11774,11959,12335,11777,11876,12524,12693,13762,14891,14687,14197
West Midlands,E06000019,"Herefordshire, County of",All,All industries,12374,13000,13842,13791,13925,15218,15758,16356,17389,17571,18167,17165,17596,18855,19544,19668,20609,20408,20738
West Midlands,E07000234,Bromsgrove,All,All industries,12000,13284,14400,14173,14134,15259,16385,16506,17310,16452,16601,16033,16215,17310,18213,18522,19743,20577,23367
West Midlands,E07000235,Malvern Hills,All,All industries,11626,12969,13924,13872,14160,15177,16188,16384,17317,16799,16824,16130,16627,17055,17707,18233,19190,19720,20294
West Midlands,E07000236,Redditch,All,All industries,12944,14057,15222,14714,14361,15634,17216,17061,18015,17434,17364,16846,17055,18133,18890,19462,20163,21719,21535
West Midlands,E07000237,Worcester,All,All industries,14618,15862,17167,16853,16930,18565,20240,20504,21514,20804,20984,20279,20959,22388,23042,24803,25396,26327,26860
West Midlands,E07000238,Wychavon,All,All industries,13247,14328,15529,15454,15203,16489,17661,17547,18507,17974,18041,17383,18080,19212,19621,20508,21159,22344,22936
West Midlands,E07000239,Wyre Forest,All,All industries,9542,10436,11038,11052,11066,12206,13209,13184,13915,13483,13639,13457,13745,14297,14842,15022,15859,16661,16797
West Midlands,E07000218,North Warwickshire,All,All industries,21005,20849,21155,21001,22112,22926,22967,23947,25887,25505,26347,24605,26302,28383,30163,31082,35463,37379,39264
West Midlands,E07000219,Nuneaton and Bedworth,All,All industries,9838,10050,10421,10500,10727,10866,11410,12230,12976,12894,13399,13000,13223,14543,14827,16563,16457,16693,17246
West Midlands,E07000220,Rugby,All,All industries,14117,14520,15135,15086,15762,15905,16356,17433,18605,18294,19096,18238,19046,19949,21161,21367,22315,22749,23603
West Midlands,E07000221,Stratford-on-Avon,All,All industries,16905,17437,18004,18343,18989,19175,19278,20920,22663,22755,23303,22161,23858,25038,26648,29590,33942,34033,35009
West Midlands,E07000222,Warwick,All,All industries,21151,22124,21254,20938,22597,24626,24187,24833,26966,26590,27493,27127,28073,28971,31188,34519,34438,36746,38930
West Midlands,E06000020,Telford and Wrekin,All,All industries,15673,15193,14910,15181,16308,16416,17438,18086,18697,19312,19454,18247,18504,19621,20738,20821,21084,21746,22244
West Midlands,E06000051,Shropshire,All,All industries,12068,12463,12644,13038,14000,15216,15933,16339,16141,16478,17393,17047,17169,17896,18111,18861,19383,19463,19900
West Midlands,E06000021,Stoke-on-Trent,All,All industries,12494,12387,12610,12677,12854,13577,14314,14752,15275,15205,15924,15365,16371,17319,18048,18440,18842,19742,20612
West Midlands,E07000192,Cannock Chase,All,All industries,10757,10613,11177,11810,12423,12454,13347,14030,14763,14985,14935,14030,13920,14609,14589,15452,16461,17269,18441
West Midlands,E07000193,East Staffordshire,All,All industries,17117,16931,17126,17885,18960,18824,20169,21264,21193,22254,22946,20548,21721,23221,21581,22369,22279,23497,23825
West Midlands,E07000194,Lichfield,All,All industries,12774,13006,13610,14399,15454,15684,16510,16980,17679,17984,18533,17121,17338,18018,17929,18516,20457,21605,23072
West Midlands,E07000195,Newcastle-under-Lyme,All,All industries,9851,9831,10128,10681,11383,11755,12857,13740,14099,14675,15262,14408,14465,15256,15273,15000,15148,15978,16291
West Midlands,E07000196,South Staffordshire,All,All industries,10447,10298,10611,11071,11906,12013,12567,12941,13451,13820,14282,13111,13941,14035,14077,14538,14854,16029,16944
West Midlands,E07000197,Stafford,All,All industries,13597,13508,14157,14937,15834,16125,16977,17559,18210,18621,19116,17709,17875,18403,18018,18794,19006,19610,20191
West Midlands,E07000198,Staffordshire Moorlands,All,All industries,10773,10720,10800,11116,11643,11879,13043,13506,14435,14623,14920,14247,14297,14182,14110,14824,15961,15785,16072
West Midlands,E07000199,Tamworth,All,All industries,10105,10092,10506,11044,11663,11974,13111,13739,14314,14650,14875,13989,14371,14779,15455,15831,16562,17098,17649
West Midlands,E08000025,Birmingham,All,All industries,14221,14673,15093,15968,16174,17031,17687,18151,18532,19591,19679,19230,19649,19907,19989,20752,21667,22195,22871
West Midlands,E08000029,Solihull,All,All industries,17939,18216,18350,19174,20703,22043,22617,23741,24803,25999,24733,23663,24239,24479,26369,27026,29207,31503,32998
West Midlands,E08000026,Coventry,All,All industries,15029,15538,16103,16400,17291,17640,18839,19924,19843,19632,19314,18654,19319,19237,20188,21348,22583,23156,23192
West Midlands,E08000027,Dudley,All,All industries,11602,11652,12143,12250,13190,12922,13571,14131,14671,15261,15200,14166,14205,14203,14257,14404,15155,15365,15597
West Midlands,E08000028,Sandwell,All,All industries,13133,12728,13349,13488,14231,13962,14638,15033,15847,16711,16429,15515,16105,15844,16658,16884,18114,17708,18142
West Midlands,E08000030,Walsall,All,All industries,11246,11457,11927,11940,12136,11959,12925,13491,13840,13942,13870,13519,14398,14753,14959,15444,16500,16674,16893
West Midlands,E08000031,Wolverhampton,All,All industries,12812,13293,13864,14070,14462,14424,15605,16374,16826,17046,16854,16548,17662,17699,18045,18190,18314,17683,17935
East of England,E06000031,Peterborough,All,All industries,16466,17115,17446,17601,18688,19734,21003,21771,23484,24648,23792,23424,23373,23334,24503,25224,26296,26498,27595
East of England,E07000008,Cambridge,All,All industries,20553,21973,23723,25012,25918,26499,27421,28930,32296,34416,34504,34046,34293,34874,36855,37446,39081,38538,38900
East of England,E07000009,East Cambridgeshire,All,All industries,12557,12963,13666,14234,14590,14384,14955,15472,16547,16828,17433,16444,17088,17984,18834,19367,19954,20858,21700
East of England,E07000010,Fenland,All,All industries,14133,13886,14419,14973,15388,15868,16032,16358,17650,17834,18892,17522,18456,19534,20508,20788,21197,21920,22837
East of England,E07000011,Huntingdonshire,All,All industries,13252,13994,14807,15469,15923,16284,16641,17812,19598,20200,20527,20099,20518,20716,21983,23211,23394,24128,25004
East of England,E07000012,South Cambridgeshire,All,All industries,17017,17821,19151,19997,20239,20332,20603,21698,23609,24331,24780,23534,23994,24983,25341,26166,26857,28438,29343
East of England,E07000200,Babergh,All,All industries,13423,12982,14109,14192,14971,15216,15277,15549,16253,16473,17331,16560,17507,18071,18815,19400,20351,20770,21376
East of England,E07000201,Forest Heath,All,All industries,12283,12243,13441,15203,15550,16198,16731,16896,17955,18506,19599,18657,19121,18768,18998,19432,20032,19475,20373
East of England,E07000202,Ipswich,All,All industries,14741,14484,15911,16408,16973,18244,19467,20146,22091,22626,22494,21732,21078,21221,21593,22968,23165,24209,24728
East of England,E07000205,Suffolk Coastal,All,All industries,15129,15320,16823,17275,17899,18563,18378,18784,19976,20177,20788,19818,20185,20719,21511,22135,23828,23476,24022
East of England,E07000206,Waveney,All,All industries,12493,11939,13068,13193,13941,14493,14701,15091,16129,16335,17109,16666,16665,17053,17364,18237,18316,18460,18758
East of England,E07000203,Mid Suffolk,All,All industries,13483,13054,14252,14133,15051,15407,15760,15879,16786,16761,17405,16825,17142,17629,17858,18978,19240,20075,20706
East of England,E07000204,St Edmundsbury,All,All industries,16339,15993,17566,18035,18964,19527,19697,20211,21531,21582,21841,21029,21509,22527,22770,24999,25534,25233,26286
East of England,E07000144,Broadland,All,All industries,13548,13506,13640,13679,14031,14966,16029,17968,19307,19239,19032,19091,18420,18227,18655,19353,19584,19688,20198
East of England,E07000145,Great Yarmouth,All,All industries,11156,11680,12089,12509,13112,13614,14475,15309,16246,16175,16415,16051,15959,16111,17373,17462,17757,17832,18280
East of England,E07000148,Norwich,All,All industries,15527,16287,16893,17561,18392,19563,20843,22650,24360,24333,23939,23835,23061,23157,24397,25267,25655,25965,26136
East of England,E07000147,North Norfolk,All,All industries,11753,12308,12756,13172,13861,14354,14869,15315,15747,15723,16328,15340,15419,15831,16102,16893,17536,17416,18305
East of England,E07000146,King's Lynn and West Norfolk,All,All industries,11825,12571,13076,13413,13740,14347,14854,15157,15497,15397,15922,15521,15664,15967,16689,17278,17575,18251,19013
East of England,E07000143,Breckland,All,All industries,11479,11511,11987,12059,12478,13154,13501,13729,14216,14173,15109,15056,15365,15697,16930,17182,18316,18511,18713
East of England,E07000149,South Norfolk,All,All industries,11146,11835,12213,12702,13024,13497,13996,14702,15546,15419,15834,15860,16222,17456,18441,18559,18834,19318,19552
East of England,E06000032,Luton,All,All industries,14341,15414,15794,16660,17434,18555,18435,20210,21859,23698,25565,23158,21728,20553,19911,20981,22350,23274,24339
East of England,E07000095,Broxbourne,All,All industries,16448,17072,18169,18169,18452,19693,20069,21188,20737,21172,22591,21720,21134,21510,21358,23458,23427,23074,23651
East of England,E07000096,Dacorum,All,All industries,15688,16831,17910,18296,18824,20159,20821,21925,21666,22158,23603,22572,22318,21380,21976,25025,25270,26289,27026
East of England,E07000242,East Hertfordshire,All,All industries,16868,17937,19023,19388,19630,20839,21182,22816,22469,22904,24870,23748,22912,22843,22731,24407,25463,25336,25986
East of England,E07000098,Hertsmere,All,All industries,18778,20063,21085,21432,22201,23435,24384,26379,25805,26288,27340,26427,26388,26746,27892,28826,30730,32499,33448
East of England,E07000099,North Hertfordshire,All,All industries,16613,17602,18843,18998,19318,20424,20461,22156,22016,22309,23639,22613,22479,21871,22252,24470,24674,26182,27158
East of England,E07000243,Stevenage,All,All industries,19259,20253,21277,21360,21820,23364,23912,25934,25870,26177,27906,27262,26309,25524,25700,26839,27013,27688,28451
East of England,E07000102,Three Rivers,All,All industries,18679,19585,20366,21155,22071,23642,24215,25506,24985,25690,27052,25200,25667,24897,25387,25808,31473,34248,34134
East of England,E07000103,Watford,All,All industries,22351,23861,25871,27016,28039,29733,30581,31938,31909,32663,33868,31907,31685,30347,30589,33997,35931,39906,42541
East of England,E07000240,St Albans,All,All industries,19090,20023,21490,21772,22153,23479,23837,25590,25347,26210,27735,26907,26309,25586,25642,26816,27984,29621,29130
East of England,E07000241,Welwyn Hatfield,All,All industries,22862,24036,25857,26339,27366,28588,28882,30182,29818,30194,31643,30743,30500,29963,29610,30832,34437,32033,34728
East of England,E06000055,Bedford,All,All industries,14378,14138,14972,15171,15798,17151,18060,18883,19268,20365,20560,20432,20311,20806,20251,21181,22275,23700,23895
East of England,E06000056,Central Bedfordshire,All,All industries,13426,13257,14179,14314,14962,15775,16416,16871,16925,17902,18092,17117,17009,17501,17643,19294,20139,20023,20338
East of England,E06000033,Southend-on-Sea,All,All industries,11745,12065,12748,13417,14199,14881,14936,15068,15500,16076,16521,16098,16174,15458,15979,16060,16889,17247,17783
East of England,E06000034,Thurrock,All,All industries,16230,15250,15108,15288,15851,18149,19391,18801,19110,17847,17956,18209,17918,18922,17187,18108,18837,19704,20936
East of England,E07000067,Braintree,All,All industries,13193,12967,13552,14159,14478,15665,15553,16158,16533,17262,17283,16021,17001,16869,17082,17263,18667,19719,20574
East of England,E07000071,Colchester,All,All industries,13563,13581,14335,15334,15929,17578,17815,18484,19234,20070,19666,18795,19852,19453,19814,19969,20789,20451,21107
East of England,E07000076,Tendring,All,All industries,8812,8948,9408,9998,10194,11324,11445,12099,12532,13125,13351,12603,13292,13131,13676,14424,14336,14592,15068
East of England,E07000072,Epping Forest,All,All industries,13826,13999,14592,15928,16529,18365,18097,19112,19616,20812,21580,19725,21244,21130,21361,21145,23220,23968,25234
East of England,E07000073,Harlow,All,All industries,14253,13979,14831,15779,16318,17801,18212,19155,19806,20770,21066,19407,20805,19823,20532,20972,21761,22676,23099
East of England,E07000077,Uttlesford,All,All industries,18028,18034,19110,20566,20983,22729,22772,23663,23826,24481,24955,22689,24029,23543,24129,24066,26752,28707,29724
East of England,E07000068,Brentwood,All,All industries,16703,16639,17493,18986,19517,22024,21618,22960,23979,25852,24925,25099,23240,23699,24320,25556,25846,28690,29218
East of England,E07000070,Chelmsford,All,All industries,13751,13958,14666,15773,16239,17708,17739,18615,19567,20592,21176,20921,22135,21778,22192,22469,22835,23779,24848
East of England,E07000074,Maldon,All,All industries,12172,11876,12363,12862,13195,14002,14168,14746,15318,15682,16564,15413,16332,16322,16985,16911,17775,18003,18863
East of England,E07000066,Basildon,All,All industries,14739,14598,15321,16235,16633,18287,18543,19550,20271,21404,21567,20343,21098,20900,21476,22044,21923,22617,22698
East of England,E07000069,Castle Point,All,All industries,8026,8209,8650,9258,9533,10405,10608,11186,11462,12036,12468,11754,12237,12156,12930,12845,13072,13781,13769
East of England,E07000075,Rochford,All,All industries,9968,9967,10455,11128,11262,12334,12373,12973,13256,13714,14114,13321,13852,13900,14551,14783,15561,16133,16240
London,E09000001,City of London,All,All industries,2814294,2442343,2541608,2497414,2706206,3143202,3452343,4018533,4326453,4685018,4593122,4898694,5183568,5327425,5222526,5471309,5690235,5133674,5229716
London,E09000007,Camden,All,All industries,62007,63042,66967,67761,70730,75108,77185,80805,84306,92106,96522,94457,94806,98700,102710,107550,117222,124222,131133
London,E09000033,Westminster,All,All industries,123000,126002,132654,134734,138113,146276,150136,156513,163988,180461,192402,196050,201181,204111,211343,221699,235244,230587,238506
London,E09000013,Hammersmith and Fulham,All,All industries,33307,34864,37001,37753,38796,41615,43374,45762,46812,50932,53694,50102,53112,52539,55553,57443,57624,60359,62879
London,E09000020,Kensington and Chelsea,All,All industries,38165,39381,40887,41043,42520,44369,46911,49042,52593,59451,62662,59117,61816,64477,71181,73180,75248,72945,75318
London,E09000032,Wandsworth,All,All industries,19944,21312,22832,23565,24293,25491,26474,27973,29402,31300,32535,29347,29481,30166,31711,33101,33099,33951,35476
London,E09000012,Hackney,All,All industries,17381,18185,19355,19549,19943,20932,21928,23082,23939,25495,24747,24935,25711,27131,28153,28006,28477,27524,28420
London,E09000025,Newham,All,All industries,11662,11892,12709,13095,13426,14250,14889,15924,16310,17110,16806,16599,16704,16938,18860,19373,20046,20581,21175
London,E09000030,Tower Hamlets,All,All industries,48228,47671,51932,51737,53696,58592,63729,71296,76604,84428,83750,87414,82806,89439,85528,86772,92133,93466,91378
London,E09000014,Haringey,All,All industries,12248,12828,13574,14316,14586,15335,15972,16755,17070,18015,18177,17025,17802,18037,19096,19427,21368,20748,21167
London,E09000019,Islington,All,All industries,42032,44919,49294,49976,52259,55790,58776,62558,65523,71023,74735,72302,72521,72188,71907,73029,74282,75763,77628
London,E09000023,Lewisham,All,All industries,8969,9345,10047,10597,11111,11930,12437,13136,13725,14413,14486,13828,14761,14727,15641,16014,16288,16648,16972
London,E09000028,Southwark,All,All industries,25373,26335,28606,28951,30475,32736,34097,35976,37149,40052,41016,40295,42906,44448,45554,45394,46622,47769,48573
London,E09000022,Lambeth,All,All industries,15938,16696,18112,18570,19537,20929,21905,23106,23880,25696,27781,27389,27832,28599,29792,30468,33136,33949,33365
London,E09000004,Bexley,All,All industries,12405,12982,13484,13763,14194,15037,15539,16166,17190,18226,17815,16709,16803,16937,17932,18628,19941,19789,20289
London,E09000011,Greenwich,All,All industries,11029,11803,12282,12299,12579,13036,13494,14053,14858,15671,15388,14346,14501,14590,15093,15468,15593,16022,15950
London,E09000002,Barking and Dagenham,All,All industries,12797,13208,13375,13283,13588,13998,14620,15235,16063,16828,17065,15024,16115,16163,16629,17368,18393,18493,19120
London,E09000016,Havering,All,All industries,13390,14163,14813,15176,15573,16580,17252,18147,19192,20411,20667,19007,19349,19628,20995,21418,22407,22885,23557
London,E09000026,Redbridge,All,All industries,11859,12589,13098,13370,13793,14483,15145,15777,16415,16846,16749,14964,14947,15057,16445,16496,16771,17025,17146
London,E09000031,Waltham Forest,All,All industries,10385,11053,11459,11833,12201,12857,13450,14006,14730,15217,15022,13372,13501,13804,15038,15895,16936,16595,17002
London,E09000010,Enfield,All,All industries,13286,13812,14232,14379,14838,15568,16265,17007,18082,19016,18569,17227,17417,17208,18335,18652,19387,19816,20166
London,E09000006,Bromley,All,All industries,15549,16444,17181,17633,18218,19406,20321,21326,22416,23354,21885,21049,20146,20268,21265,21423,22929,22442,23484
London,E09000008,Croydon,All,All industries,14493,15537,16209,16424,17137,18265,19042,19901,21009,22129,21807,20070,19147,18485,18847,18789,20117,19425,20212
London,E09000021,Kingston upon Thames,All,All industries,18129,19387,20403,20456,21076,22359,23053,23917,25218,26973,27663,26200,26411,26453,27496,26765,28586,27415,28474
London,E09000024,Merton,All,All industries,14719,15763,16196,16194,16639,17575,18246,19010,19925,20988,21490,19978,20741,21747,23070,25641,26526,24868,26709
London,E09000029,Sutton,All,All industries,13379,14198,15012,15179,15838,16774,17373,18332,19371,20527,20884,19381,19916,20519,21530,21437,22701,21299,22774
London,E09000003,Barnet,All,All industries,16014,16789,17792,18062,18735,19675,20330,21188,22445,23689,24080,22728,22593,22959,23675,24490,26352,27185,27259
London,E09000005,Brent,All,All industries,16501,17487,18282,18308,18801,19777,20320,21251,22143,22879,22832,21340,21344,21470,23567,24435,25648,26531,27635
London,E09000009,Ealing,All,All industries,17735,18705,19740,19826,20199,21108,21511,22379,23490,24438,23793,21310,21588,22925,24338,25398,27096,27838,28956
London,E09000015,Harrow,All,All industries,14878,15893,16835,17079,17731,18619,19007,19526,20488,21588,21347,19551,19510,19374,20598,21757,23249,24406,24980
London,E09000017,Hillingdon,All,All industries,30679,32456,34326,34667,35332,37082,38133,39387,40891,42562,41234,37536,37060,36955,38193,40359,45013,43188,43585
London,E09000018,Hounslow,All,All industries,23148,24993,26880,26895,28081,28996,29389,30481,32351,33720,34197,31989,31165,30844,34358,35432,38892,43001,47759
London,E09000027,Richmond upon Thames,All,All industries,20087,21306,22652,23079,23494,24171,24849,25752,27692,29860,30374,27730,28318,29428,30752,34003,35296,36234,37517
South East,E06000036,Bracknell Forest,All,All industries,18683,20314,21457,22215,23666,24880,25180,26730,28167,28619,29708,28914,29564,30265,30312,30895,32263,33638,33420
South East,E06000037,West Berkshire,All,All industries,28379,30702,31590,31646,33878,35670,35695,38139,39676,39746,40904,40467,40525,41750,43879,42286,42353,43988,45468
South East,E06000038,Reading,All,All industries,25652,27705,28768,29603,31615,33902,34026,36086,37527,38672,38985,37960,37261,38725,39758,38114,41576,43397,44408
South East,E06000039,Slough,All,All industries,31755,34136,34782,34566,36868,39528,39581,42159,43338,42824,43336,41565,40792,42227,43013,44368,44861,45017,46599
South East,E06000040,Windsor and Maidenhead,All,All industries,23400,25375,26426,27221,28944,30353,29897,31966,32735,33382,34581,32952,32013,33889,34898,38406,37836,37672,39543
South East,E06000041,Wokingham,All,All industries,20072,22106,22895,22835,24476,26163,26431,28105,29326,29664,30449,30314,30269,31371,32254,34259,35899,36866,38884
South East,E06000042,Milton Keynes,All,All industries,22248,23003,24080,25313,26884,29527,29769,29367,31056,32444,35682,33818,34712,36556,36735,37601,40860,43665,46780
South East,E07000004,Aylesbury Vale,All,All industries,17216,16948,17997,17864,18332,19312,20527,20747,21481,21707,23200,23193,22617,22761,24107,23820,24862,25241,25432
South East,E07000005,Chiltern,All,All industries,17222,17576,19063,19609,19733,20627,21535,21328,22127,22240,24383,23605,22846,23610,24799,25638,26586,28374,28416
South East,E07000006,South Bucks,All,All industries,22711,23089,24604,24715,25212,26784,27340,27036,28329,28886,30661,29933,30068,30619,32740,35046,36362,38103,38631
South East,E07000007,Wycombe,All,All industries,20510,20721,22292,22280,22689,23872,24928,24987,25818,26169,27553,27210,27588,28253,29523,29708,30812,31745,32761
South East,E07000177,Cherwell,All,All industries,18275,19350,20233,20842,22005,23632,23362,24299,24679,25214,26354,26484,25885,26686,28450,29013,30696,31763,33304
South East,E07000178,Oxford,All,All industries,21988,22952,24398,25665,27583,29332,29553,29480,30997,32112,34464,34709,35021,35601,36479,36539,39179,41399,41848
South East,E07000179,South Oxfordshire,All,All industries,14713,15721,16669,17018,17965,19281,19020,19708,20535,21198,21961,21956,22758,23624,24289,26412,27285,28467,28909
South East,E07000180,Vale of White Horse,All,All industries,17256,18028,19305,19719,20852,22281,22021,22862,23456,24540,25422,25108,25725,26523,27554,28352,29983,30329,30896
South East,E07000181,West Oxfordshire,All,All industries,17016,17657,18593,18818,20039,21043,21042,21696,21951,22272,23542,22525,23410,24619,25001,25575,26679,28211,29269
South East,E06000043,Brighton and Hove,All,All industries,14018,14172,15043,16111,17620,18350,18628,19794,20461,21364,22440,21413,21379,21474,22326,23563,24509,25416,25407
South East,E07000061,Eastbourne,All,All industries,12709,12849,13528,13892,14616,15082,15530,16002,16872,16592,17987,17450,17423,17596,17279,17532,17156,18683,18866
South East,E07000062,Hastings,All,All industries,11146,11141,11660,11804,12688,13074,13516,13999,14836,14674,16085,15222,15572,16003,16297,16799,17212,17856,18232
South East,E07000063,Lewes,All,All industries,12091,12097,12784,13227,13740,14091,14626,15277,16384,16268,17634,16702,16593,16314,16591,16824,17850,19749,20215
South East,E07000064,Rother,All,All industries,10819,10990,11477,11912,12559,12939,13283,13856,14712,14640,15974,15246,15405,15603,16065,16580,17738,18414,18481
South East,E07000065,Wealden,All,All industries,12016,12243,12890,13085,13702,13878,14253,14799,15956,15772,17191,15976,16384,16173,16589,16885,17258,18260,18597
South East,E07000207,Elmbridge,All,All industries,18662,20195,21222,21427,21698,21873,21898,22802,24398,25133,26842,25988,26502,27200,28539,30531,32069,33855,34830
South East,E07000209,Guildford,All,All industries,21423,23504,24655,24481,25508,26840,27057,28350,30639,31645,33439,32157,32793,32885,34340,35206,37098,35890,37193
South East,E07000214,Surrey Heath,All,All industries,25054,27315,28331,27476,28218,29926,28509,29240,30700,32405,33751,31676,33423,32392,36939,35234,33640,38287,36928
South East,E07000216,Waverley,All,All industries,17537,19019,19892,20260,20946,21936,21811,22746,24640,25134,26838,25904,25652,26040,27036,28162,29223,30138,30774
South East,E07000217,Woking,All,All industries,20205,22571,23788,23602,24550,26198,25563,26860,28300,28333,29905,28841,28961,28546,30400,30765,34388,31669,32564
South East,E07000212,Runnymede,All,All industries,23696,25857,26683,26924,27976,29979,29237,30689,32389,33443,35210,34966,36288,37161,37775,42198,43661,47391,49208
South East,E07000213,Spelthorne,All,All industries,16465,18167,18901,18967,19744,20578,20310,21378,23006,23485,24862,24217,23711,24088,24834,27325,25687,26784,27936
South East,E07000208,Epsom and Ewell,All,All industries,16633,17915,19082,19178,19989,20982,21056,22009,23513,24198,25281,23698,23065,23239,23974,24010,24478,25235,24994
South East,E07000210,Mole Valley,All,All industries,22232,24485,26316,26276,27573,28148,28236,29991,32165,33337,34626,33009,32824,34293,36493,36651,35821,39576,40624
South East,E07000211,Reigate and Banstead,All,All industries,19666,21031,21956,21803,22885,24235,25012,26562,28472,30081,30242,28929,28625,28002,29435,32458,32250,30439,29538
South East,E07000215,Tandridge,All,All industries,16616,17933,18424,18409,19469,20568,20492,21171,22447,23328,24725,23047,22890,23234,23434,24224,24714,25568,25675
South East,E07000223,Adur,All,All industries,11741,12027,12447,13025,13526,13892,14392,15113,16108,16070,16565,16136,16299,16397,16307,17016,16707,18472,18411
South East,E07000224,Arun,All,All industries,11431,11520,11888,12515,12925,13235,13611,14047,14776,14694,15331,14916,15480,15288,15462,15958,15598,16066,16235
South East,E07000225,Chichester,All,All industries,17979,18368,19238,20023,20735,21134,22055,22845,24315,23842,24637,24202,25507,25413,25398,26049,25967,26487,26504
South East,E07000229,Worthing,All,All industries,16801,16830,17529,18057,18932,19579,20122,21105,22962,22745,23624,23281,24502,23402,24228,23944,24768,23969,23813
South East,E07000226,Crawley,All,All industries,24677,25463,26197,26866,27835,29103,30060,30914,32943,33193,35484,35825,36085,34346,35373,38148,41082,43272,44691
South East,E07000227,Horsham,All,All industries,16344,17007,17637,17913,18765,18849,19204,19759,21169,20950,22648,21863,22728,22937,22946,23902,25207,25985,25889
South East,E07000228,Mid Sussex,All,All industries,14948,15398,16176,16830,17489,17895,18421,19122,20462,20384,21867,21585,21333,21266,22479,23572,24385,24629,24623
South East,E06000044,Portsmouth,All,All industries,17281,17170,18122,19520,20601,20664,21478,21540,21896,23449,24045,23807,25025,23502,24383,25480,26270,26131,26623
South East,E06000045,Southampton,All,All industries,17579,16795,16682,17425,18807,20025,21067,21992,21867,23658,22882,22156,21525,21446,21464,23186,24373,24618,24469
South East,E06000046,Isle of Wight,All,All industries,10459,10861,12309,12546,12778,12983,13198,14128,14919,15084,16407,15801,15993,16301,16802,17466,18715,19455,19675
South East,E07000086,Eastleigh,All,All industries,17028,17144,17865,18663,19676,19890,21598,22839,23310,24743,25297,24659,25272,26096,27465,28169,28526,29613,30341
South East,E07000087,Fareham,All,All industries,14733,15118,15818,16393,17319,17483,18683,19704,20486,21594,22020,21466,22185,22500,23488,23407,24304,24536,24170
South East,E07000088,Gosport,All,All industries,9227,9593,10030,10391,11022,11282,11905,12196,12577,12955,13303,12983,13470,13380,13710,14014,14427,14366,14383
South East,E07000090,Havant,All,All industries,14489,14633,15479,15713,17109,17746,18329,18681,19284,20570,20713,20426,20838,21621,22160,22516,22358,24463,24607
South East,E07000085,East Hampshire,All,All industries,14606,15112,15768,16265,17163,17508,18392,19086,19965,20955,22263,22043,22905,23157,23650,22540,22804,23295,24115
South East,E07000091,New Forest,All,All industries,14140,14344,15118,15792,16770,17070,17946,18653,19651,20495,21133,20862,21760,21923,22993,23791,23559,24407,25013
South East,E07000093,Test Valley,All,All industries,15931,15852,16751,17173,18016,18278,19343,19942,20844,21954,22889,23119,24185,25260,25930,25884,26347,28076,28718
South East,E07000094,Winchester,All,All industries,19140,19630,20949,21829,22950,23197,25232,26266,27361,29192,30863,30692,32150,32828,34398,36081,37355,38989,39714
South East,E07000084,Basingstoke and Deane,All,All industries,17991,18299,19303,19911,21189,21645,23312,24126,24846,26639,27044,26934,26742,27598,27377,30248,30543,29469,29525
South East,E07000089,Hart,All,All industries,15762,16442,18303,18736,19855,20312,22439,23032,23686,25406,26423,24674,26138,26997,27325,29059,31545,30886,30152
South East,E07000092,Rushmoor,All,All industries,16435,16880,18195,18895,20566,21216,23291,24277,24987,26946,27141,26624,27282,27062,28265,28208,31180,32528,32147
South East,E06000035,Medway,All,All industries,11218,11648,12023,12287,13158,13723,14003,14735,15149,15133,15634,15164,15479,15293,16417,16837,16944,18128,18678
South East,E07000107,Dartford,All,All industries,18263,18856,18777,19407,20701,21798,22363,23601,23525,24655,25763,23767,23940,25233,27234,27401,28622,30038,30072
South East,E07000109,Gravesham,All,All industries,10590,10693,10709,11102,11877,12461,12820,13496,13422,14062,14909,13673,13734,14267,14554,15012,15340,16537,17065
South East,E07000113,Swale,All,All industries,12937,13229,13139,13544,14253,14966,15458,16286,16265,16625,17579,16178,17070,17017,17486,18100,18639,19399,19640
South East,E07000106,Canterbury,All,All industries,13161,13294,13565,14254,15299,15578,16206,16941,17348,18184,19400,18303,18568,19011,19059,19450,19743,19043,19839
South East,E07000108,Dover,All,All industries,11915,11971,11788,12395,13146,13497,13988,14541,14847,15489,16455,15386,15197,15200,14913,15467,15346,16187,16164
South East,E07000112,Shepway,All,All industries,13644,13534,13414,13743,14702,15176,15704,16872,17475,18404,19413,18555,18503,19255,18774,18921,18583,18986,18926
South East,E07000114,Thanet,All,All industries,11610,11677,11728,12216,12844,13388,13707,14471,14765,15387,16280,15024,15261,15497,15372,15174,15032,14923,15220
South East,E07000105,Ashford,All,All industries,16604,16607,16323,16712,17864,18475,19049,19981,19713,20586,21404,20404,20796,21067,21770,21822,21858,21678,22796
South East,E07000110,Maidstone,All,All industries,14765,14990,14989,15630,16858,17664,18513,19689,19855,20706,21323,20590,20845,20921,21507,21475,21253,22158,23092
South East,E07000111,Sevenoaks,All,All industries,14405,14569,14709,15353,16454,17180,17658,19234,19093,20009,21086,20003,21309,22256,22960,23888,23800,26355,26891
South East,E07000115,Tonbridge and Malling,All,All industries,17378,17568,17570,18135,19540,20052,20984,22555,22597,23507,24698,23857,24595,25416,25369,26057,26638,27807,28984
South East,E07000116,Tunbridge Wells,All,All industries,15015,15396,15450,16092,17179,17937,18897,20247,20366,20953,22056,21534,22372,22101,22787,23258,27390,27305,26029
South West,E06000023,"Bristol, City of",All,All industries,18585,19320,19741,21043,22229,22151,23039,23869,24558,26302,26468,26817,28013,27096,28215,28825,30958,30426,31513
South West,E06000022,Bath and North East Somerset,All,All industries,13150,13896,14811,16182,16874,18309,18906,20052,20729,21636,22515,22381,23388,23062,24008,23652,24569,24715,25595
South West,E06000024,North Somerset,All,All industries,11801,12294,13050,14106,14672,15844,16476,17306,17500,18100,18957,18591,18725,18824,19659,19921,21811,22071,22882
South West,E06000025,South Gloucestershire,All,All industries,17282,17343,18311,19855,21006,22862,23474,24891,25067,26725,28069,27268,29035,29718,29613,30399,32643,31556,33394
South West,E07000078,Cheltenham,All,All industries,13915,14777,15837,16681,17773,19084,20338,20120,20199,21259,21773,21851,24436,24263,26070,26256,28260,27663,28106
South West,E07000079,Cotswold,All,All industries,14750,15881,17170,17513,18248,19399,20264,20165,20293,21305,21838,21948,23257,23641,25030,27079,28877,28278,29662
South West,E07000080,Forest of Dean,All,All industries,10216,10612,11315,11726,12396,13295,13936,14064,14139,14681,15228,14723,14648,15199,15652,16033,16737,17504,17795
South West,E07000081,Gloucester,All,All industries,15751,16068,16974,17850,19235,21613,22589,22634,23258,24633,24414,25121,24002,23836,24590,24798,25728,26180,26198
South West,E07000082,Stroud,All,All industries,14103,14833,15956,16374,17335,18527,19340,19437,19272,20334,20729,19943,20659,21062,21881,21744,22572,23953,24653
South West,E07000083,Tewkesbury,All,All industries,17831,18687,19805,19804,20711,22417,23424,23723,23528,25092,25269,24495,26177,26252,27242,26542,29430,28974,29721
South West,E06000030,Swindon,All,All industries,23274,23931,24143,25537,25401,25575,26239,27995,28276,30145,29917,29454,28594,28635,29098,29512,29704,30302,32203
South West,E06000054,Wiltshire,All,All industries,13477,13974,14602,15316,16049,16107,16767,17248,17724,18934,19694,19041,19602,19189,19707,19572,21222,21510,22541
South West,E06000028,Bournemouth,All,All industries,12743,12985,13967,14399,14862,16121,16711,17795,18557,19297,19919,20094,18669,18708,19171,19978,20521,20720,20971
South West,E06000029,Poole,All,All industries,16317,16920,17992,18250,18614,19856,20175,21400,22315,22780,23420,23218,22761,22231,23423,23283,24408,25059,26167
South West,E07000048,Christchurch,All,All industries,12884,13689,14326,14731,14621,15250,16095,16458,17034,17287,18403,17860,17732,17892,18187,17994,19823,20573,20596
South West,E07000049,East Dorset,All,All industries,12756,13491,14021,14030,14148,14660,15106,15544,16037,16308,17338,16850,17209,17349,17949,17822,18831,18737,18999
South West,E07000050,North Dorset,All,All industries,11684,12610,12941,13032,13273,13483,14135,14381,14738,14945,16089,15815,15806,15944,16462,16198,17161,17301,17354
South West,E07000051,Purbeck,All,All industries,13796,15410,16581,15690,16156,16348,16706,17588,17129,17141,20150,18317,18326,19126,19951,21088,20085,18627,18962
South West,E07000052,West Dorset,All,All industries,14328,15520,15914,16114,16202,16672,17670,18435,19026,19585,20856,20419,19906,20321,21621,20748,22390,22693,22905
South West,E07000053,Weymouth and Portland,All,All industries,8920,9821,10336,10175,10642,10928,11399,12116,12361,12953,14252,13649,13065,13296,13413,12106,13254,13358,13386
South West,E07000187,Mendip,All,All industries,11288,11809,12318,12471,12977,13504,14367,15156,16042,16179,16629,16040,16657,16714,17227,17815,19033,19800,20315
South West,E07000188,Sedgemoor,All,All industries,10561,11283,11718,11801,12121,12517,13452,14059,14876,14697,15139,14742,14789,14826,15934,15528,16411,17075,17360
South West,E07000189,South Somerset,All,All industries,13864,14579,15066,15070,15477,16072,17067,17872,18787,18473,19105,18115,18404,19148,19080,19284,19886,20111,20586
South West,E07000190,Taunton Deane,All,All industries,13483,14187,14991,15166,15571,16263,17473,18639,20084,19967,20622,20189,19984,19981,20383,20159,21653,21273,21599
South West,E07000191,West Somerset,All,All industries,11306,11646,11719,12456,12805,13610,14487,15866,17189,17177,17520,17130,17069,16779,18186,19109,19004,20398,20005
South West,E06000052,Cornwall,All,All industries,9766,9848,10428,10993,11643,12730,13008,13874,14279,14605,15379,14675,14747,14855,15577,15859,16011,16508,17040
South West,E06000053,Isles of Scilly,All,All industries,18437,17989,19019,18841,19200,21459,20310,21111,23048,22214,22145,23182,23046,24977,25134,22915,23908,22661,24020
South West,E06000026,Plymouth,All,All industries,12297,12687,13327,13635,14012,14400,15536,16006,16751,17094,16908,16192,16898,17400,18183,18880,18956,18842,18923
South West,E06000027,Torbay,All,All industries,11419,11334,11232,11082,11009,11963,13075,13257,14021,13893,14250,13252,13951,14336,14456,14603,14884,14915,14888
South West,E07000040,East Devon,All,All industries,9768,10232,10473,10794,11578,12238,13026,13379,14168,14184,14896,14571,15104,15524,15320,15645,16558,16615,17246
South West,E07000041,Exeter,All,All industries,17715,19088,19359,20487,22049,23370,26058,26282,27671,28489,29024,30086,29768,27969,28674,30892,29998,30283,31446
South West,E07000042,Mid Devon,All,All industries,9707,10291,10378,10699,11319,11780,12573,12890,13483,13345,13610,13309,13864,13975,13734,14898,15141,16340,16663
South West,E07000043,North Devon,All,All industries,12263,13048,13235,13727,14342,15099,16095,16555,17474,17475,17909,17659,18089,17896,18522,19225,19802,20287,20929
South West,E07000044,South Hams,All,All industries,12440,13042,13285,14064,14771,15931,16849,17575,18392,18433,19137,18461,19353,19757,19657,21006,21775,22588,23847
South West,E07000045,Teignbridge,All,All industries,10015,10519,10701,11019,11831,12576,13376,13868,14652,14653,15028,14876,15488,16095,15810,16736,17229,17767,18583
South West,E07000046,Torridge,All,All industries,9713,10294,10263,10472,11151,11713,12507,12725,13337,13248,13741,13472,14639,14011,14313,14503,14507,15769,16094
South West,E07000047,West Devon,All,All industries,9948,10677,10628,11009,11806,12517,13348,13921,14773,14538,14587,14062,14488,14548,14856,15301,15760,16530,17371
Wales,W06000001,Isle of Anglesey,All,All industries,8141,8163,9020,9511,9816,10408,11231,11561,11992,12405,12619,12352,12012,12555,12955,12627,13099,13284,13655
Wales,W06000002,Gwynedd,All,All industries,11093,10920,11262,11842,13418,14414,14603,15613,16727,16885,17078,16162,15848,16992,17770,18381,18380,18676,19026
Wales,W06000003,Conwy,All,All industries,9676,9850,10336,10407,11040,11834,12637,12956,13254,13496,13510,12928,13151,13691,14463,14647,14845,15716,16049
Wales,W06000004,Denbighshire,All,All industries,10382,10320,10897,10922,11766,12590,13797,13982,14440,14736,15074,14460,14534,15137,15421,16108,16232,16674,16947
Wales,W06000005,Flintshire,All,All industries,15678,15099,16187,15761,16184,16613,16911,17867,19142,19157,18392,18860,20159,21989,22985,24353,24210,25578,26374
Wales,W06000006,Wrexham,All,All industries,12088,11811,12849,12603,13076,13482,14094,14782,15743,16070,15259,15590,16233,16660,17250,19025,19049,19400,20226
Wales,W06000023,Powys,All,All industries,11341,10992,11472,11971,12785,13827,14228,13896,14412,14956,14099,13379,14030,15048,15583,16387,16477,16977,17296
Wales,W06000008,Ceredigion,All,All industries,9962,9966,10138,10749,10896,12268,13031,13466,14140,14666,14499,14446,14976,15529,14507,15392,16081,16531,16853
Wales,W06000009,Pembrokeshire,All,All industries,10832,11213,11406,11621,11891,12934,13573,14674,15205,15657,14384,14229,14745,15275,15423,16293,15842,17155,17635
Wales,W06000010,Carmarthenshire,All,All industries,8618,8827,8901,9328,9319,10199,10848,12040,12625,12970,12497,12511,12976,13339,13712,14312,15049,15067,15774
Wales,W06000011,Swansea,All,All industries,11065,11103,12019,12511,13088,13946,14795,15405,16202,16045,16065,16247,16291,16918,16972,17453,18539,18201,18892
Wales,W06000012,Neath Port Talbot,All,All industries,9872,9614,9951,9790,10277,10131,10802,11653,12447,13105,13517,12951,13734,14281,14661,14399,14896,16165,16658
Wales,W06000013,Bridgend,All,All industries,12340,11993,12478,12057,12800,13058,13838,15032,15897,16533,16800,16269,16359,17258,17167,18131,19104,19920,20412
Wales,W06000014,Vale of Glamorgan,All,All industries,10438,10952,11417,11798,11939,12789,13243,13534,14049,14816,14645,14199,13937,14897,15164,15767,15618,16146,16883
Wales,W06000016,Rhondda Cynon Taf,All,All industries,9212,9090,9615,9705,10984,11277,11627,11563,12412,12566,12600,12638,13476,13722,14671,15311,15176,15948,16667
Wales,W06000024,Merthyr Tydfil,All,All industries,9062,9358,10001,10366,11578,11679,12333,12524,13254,13306,13441,13153,13450,13729,13888,15019,15481,16247,16672
Wales,W06000018,Caerphilly,All,All industries,9235,9256,9484,9413,9608,9711,10478,10944,11955,11899,11870,11333,11267,12299,12601,12764,13165,14146,14883
Wales,W06000019,Blaenau Gwent,All,All industries,7236,7501,7721,7604,7818,7762,8678,9192,9997,9887,9973,9525,10209,10658,11452,10882,10761,11145,11640
Wales,W06000020,Torfaen,All,All industries,10360,10691,10994,11213,11678,11926,12768,13359,14422,14046,14147,13647,13932,14770,15177,16110,16227,16433,16875
Wales,W06000021,Monmouthshire,All,All industries,13699,14051,14593,15023,15549,16874,17297,18145,19216,18962,19203,18004,18193,18385,18951,19319,19777,20992,20861
Wales,W06000022,Newport,All,All industries,13620,14136,14573,15288,15216,17136,18189,19475,20602,20263,19642,20266,19845,21065,20405,20563,20663,21678,22522
Wales,W06000015,Cardiff,All,All industries,15074,16180,17476,18352,19240,20751,21331,22147,22903,24928,23835,23694,23042,24188,24661,25255,25461,26300,27480
Scotland,S12000005,Clackmannanshire,All,All industries,9810,9831,11648,11312,11766,12953,12865,12015,12871,13274,13456,13757,13656,13829,13339,14676,15848,17317,17846
Scotland,S12000006,Dumfries and Galloway,All,All industries,10538,11238,10984,12501,12586,12377,13462,13598,14731,15056,15208,15498,15821,16132,16030,17062,18393,18867,19494
Scotland,S12000008,East Ayrshire,All,All industries,10182,9939,10677,11237,11248,11821,12262,13115,13804,13559,13598,13476,13874,14022,13864,13785,15325,15039,15460
Scotland,S12000010,East Lothian,All,All industries,10743,10835,10831,11000,11671,12520,13258,13522,15070,14754,14672,13593,13871,14119,14290,14985,15539,16221,16957
Scotland,S12000011,East Renfrewshire,All,All industries,9144,9139,9268,9707,9911,10216,10774,11084,11606,11608,12156,11350,11025,11366,11320,12223,12748,13279,13877
Scotland,S12000013,Na h-Eileanan Siar,All,All industries,11074,12490,11197,11563,12203,14052,15844,16166,16445,16238,15937,16114,14893,15785,16440,16612,16872,17365,17276
Scotland,S12000014,Falkirk,All,All industries,12972,12344,12737,12921,13821,15072,16778,18055,18985,18937,18729,18111,18491,17037,17695,18257,19083,19203,20457
Scotland,S12000015,Fife,All,All industries,10974,11247,12028,12138,12507,13326,13905,14200,15510,16249,16671,16333,16369,16220,16525,18032,18681,19506,20276
Scotland,S12000017,Highland,All,All industries,12681,12978,13714,14621,14999,16601,17801,18384,18838,19233,19710,19067,19045,20086,20625,21737,22434,22558,23307
Scotland,S12000018,Inverclyde,All,All industries,10334,10403,10667,11863,11877,12438,13564,14545,15306,15925,16366,16114,16001,16066,15270,15976,18418,17837,19173
Scotland,S12000019,Midlothian,All,All industries,8608,8853,9348,9637,10356,11156,11926,12370,14057,13924,14132,13215,13108,13560,13957,15525,15757,16126,16790
Scotland,S12000020,Moray,All,All industries,11252,11649,12076,13018,13667,14936,15682,17293,17610,18530,19429,19766,19566,21100,21831,22278,20649,20817,21683
Scotland,S12000021,North Ayrshire,All,All industries,11182,10755,11013,11361,11052,11478,11930,12502,13350,12943,13108,13023,12754,12857,13233,13716,14554,15155,15294
Scotland,S12000023,Orkney Islands,All,All industries,12560,12536,12719,12417,13068,14348,15715,16450,16012,16502,16895,17344,17997,18559,18932,19986,20102,20579,21164
Scotland,S12000024,Perth and Kinross,All,All industries,14715,14369,14496,14577,15472,15790,17247,17893,19347,20136,19997,20719,20176,21041,22244,24019,24073,24742,25765
Scotland,S12000026,Scottish Borders,All,All industries,10406,11418,11282,11774,11970,12397,13365,13740,14797,15209,15490,14793,15336,15919,15883,17081,17708,18171,18298
Scotland,S12000027,Shetland Islands,All,All industries,17406,16945,17321,18043,19435,19974,21508,21990,20457,21457,22264,22320,24106,24882,25577,27104,27489,28795,29027
Scotland,S12000028,South Ayrshire,All,All industries,12684,13116,13777,14246,14778,14731,15965,16573,18043,18012,19142,18900,18996,19198,19262,20303,22374,22338,23375
Scotland,S12000029,South Lanarkshire,All,All industries,11638,11840,12461,13071,13162,14063,14868,15906,17053,16527,16889,16418,16130,16629,17013,18251,19056,19206,19629
Scotland,S12000030,Stirling,All,All industries,13620,13729,13918,14279,15006,15655,17240,18232,19365,20215,20665,20461,20444,19636,21377,22325,22654,24477,25280
Scotland,S12000033,Aberdeen City,All,All industries,24194,23287,25771,28179,29942,30300,31771,34202,37636,41516,46078,45848,44548,45864,48637,48341,49924,47063,46151
Scotland,S12000034,Aberdeenshire,All,All industries,14513,14008,14851,16010,16329,16489,17121,17595,19335,20888,21666,21160,21239,23174,24059,25820,27409,26836,26433
Scotland,S12000035,Argyll and Bute,All,All industries,11594,12057,12878,12895,12802,13953,14550,15494,16604,16473,18339,18219,18481,18700,19141,19841,20432,20946,21774
Scotland,S12000036,City of Edinburgh,All,All industries,20231,19950,21647,23412,25373,27720,29352,31714,32590,34471,34786,36212,34376,34422,35434,36646,37421,38220,39321
Scotland,S12000038,Renfrewshire,All,All industries,16267,15670,15978,16687,16712,17200,17798,18895,19656,19538,20416,19858,19345,19275,19153,20091,21082,22460,23024
Scotland,S12000039,West Dunbartonshire,All,All industries,10477,10013,11129,11210,11852,12532,12714,13688,14924,15352,16374,15780,15449,16495,16633,17193,17707,18382,18198
Scotland,S12000040,West Lothian,All,All industries,14616,14766,15007,15106,15811,17258,18329,18644,18835,19350,19780,18830,19363,20128,19518,19227,20730,20635,21005
Scotland,S12000041,Angus,All,All industries,11860,12019,12144,12360,12777,13610,14060,14397,15763,16269,15968,15046,16015,16063,15860,17082,17581,17994,18597
Scotland,S12000042,Dundee City,All,All industries,13285,13655,14326,14693,15679,16231,17393,18015,18927,19740,20277,20107,20338,19959,20292,21401,22527,22799,24104
Scotland,S12000044,North Lanarkshire,All,All industries,9033,9380,9896,10724,11463,11910,12880,13965,15136,15496,15883,15862,15625,16003,16289,17150,18981,18857,19216
Scotland,S12000045,East Dunbartonshire,All,All industries,8378,8317,8779,8975,9639,10012,9929,10646,11734,12059,12356,11807,11435,12237,12928,13289,14203,14055,14515
Scotland,S12000046,Glasgow City,All,All industries,18146,18299,19224,20716,21360,23021,24805,26840,27526,28008,29564,29594,28315,28537,29442,30813,32906,32467,33120
Northern Ireland,N09000001,Antrim and Newtownabbey,All,All industries,11926,12462,13725,14330,14595,15543,16273,16798,17514,18088,17716,17293,17910,18060,18345,18314,18883,18958,20230
Northern Ireland,N09000002,"Armagh City, Banbridge and Craigavon",All,All industries,10526,11068,11671,12038,12347,13399,14025,14655,15527,15628,15236,14830,14302,14596,14948,15241,16044,16301,16961
Northern Ireland,N09000003,Belfast,All,All industries,16790,17390,18904,19873,20638,22728,23049,24563,25459,27257,27282,27389,27117,28118,29303,30142,30348,31333,31999
Northern Ireland,N09000004,Causeway Coast and Glens,All,All industries,9249,9867,10534,11008,11308,11903,12199,13089,13842,14173,13708,12969,12983,13021,13460,13707,13995,14367,14481
Northern Ireland,N09000005,Derry City and Strabane,All,All industries,10363,10880,11365,11483,11882,12677,13130,14020,14899,15199,15142,14910,14918,14612,15048,15282,15372,15896,16450
Northern Ireland,N09000006,Fermanagh and Omagh,All,All industries,9397,9871,10548,11126,11634,12917,13531,14343,15393,15660,15480,14843,15014,15232,15676,16059,16517,17124,17357
Northern Ireland,N09000007,Lisburn and Castlereagh,All,All industries,11803,12327,13575,14272,14773,15625,16439,17173,18238,18952,18655,18309,18438,17604,17507,17956,18520,18591,19312
Northern Ireland,N09000008,Mid and East Antrim,All,All industries,14166,14684,16246,15328,15380,16821,17326,18603,18863,18987,20002,19048,17654,18227,19485,20411,20872,21723,21835
Northern Ireland,N09000009,Mid Ulster,All,All industries,10425,10672,11749,12128,12674,14159,14759,15943,16717,16821,16046,14996,15601,15889,16387,16581,16774,18261,19205
Northern Ireland,N09000010,"Newry, Mourne and Down",All,All industries,9560,9940,10862,11216,11543,12603,12951,13661,14514,14585,14214,13459,13684,13927,14189,14192,14973,15141,15508
Northern Ireland,N09000011,Ards and North Down,All,All industries,8428,8806,9412,9868,10063,10634,11103,11526,12195,12639,12604,12089,11959,12308,12234,12516,12833,12964,13209
